n,k,nu,strategy,t,runs,mean_potential,sample_standard_error,expectation_upper_bound,mean_over_bound
48,1,2,random,0,8,0.0,0.0,0.0,0.0
48,1,2,random,1,8,0.018619077704212852,0.005906166278251665,0.16666666666666666,0.11171446622527711
48,1,2,random,2,8,0.04164205777905679,0.011082190956211374,0.3333333333333333,0.12492617333717036
48,1,2,random,3,8,0.064611923505692,0.017553534669685247,0.5,0.129223847011384
48,1,2,random,4,8,0.09982163163612942,0.019948722234360353,0.6666666666666666,0.14973244745419415
48,1,2,random,5,8,0.17910517576470084,0.03800512907858867,0.8333333333333334,0.214926210917641
48,1,2,random,6,8,0.20857407038698,0.041643914756991654,1.0,0.20857407038698
48,1,2,random,7,8,0.2779439412224043,0.0525869007893767,1.1666666666666667,0.23823766390491793
48,1,2,random,8,8,0.2953138353865296,0.051423572574086626,1.3333333333333333,0.22148537653989722
48,1,2,random,9,8,0.3243138269114509,0.04862291610656189,1.5,0.21620921794096726
48,1,2,random,10,8,0.34290823442507007,0.049125534754411726,1.6666666666666667,0.20574494065504204
48,1,2,random,11,8,0.3877169846168601,0.04919833735730181,1.8333333333333333,0.21148199160919642
48,1,2,random,12,8,0.39939761184227396,0.04962200156931093,2.0,0.19969880592113698
48,1,2,krylov,0,8,0.0,0.0,0.0,0.0
48,1,2,krylov,1,8,0.032859121829275875,0.009922839223610546,0.16666666666666666,0.19715473097565525
48,1,2,krylov,2,8,0.06351427304854868,0.01733919887497469,0.3333333333333333,0.19054281914564603
48,1,2,krylov,3,8,0.09632968160245153,0.025924362737547366,0.5,0.19265936320490307
48,1,2,krylov,4,8,0.13456282270575298,0.03834155488716733,0.6666666666666666,0.20184423405862947
48,1,2,krylov,5,8,0.17327695003849092,0.049824116555272344,0.8333333333333334,0.2079323400461891
48,1,2,krylov,6,8,0.2195296851630219,0.06218682338335121,1.0,0.2195296851630219
48,1,2,krylov,7,8,0.2598771349890112,0.07140011173506493,1.1666666666666667,0.22275182999058102
48,1,2,krylov,8,8,0.30065060782341424,0.0803798866166906,1.3333333333333333,0.22548795586756068
48,1,2,krylov,9,8,0.3378381986106219,0.08693437732293255,1.5,0.2252254657404146
48,1,2,krylov,10,8,0.3745702989397407,0.09064194530861834,1.6666666666666667,0.2247421793638444
48,1,2,krylov,11,8,0.4120578411421858,0.09369166350260896,1.8333333333333333,0.22475882244119227
48,1,2,krylov,12,8,0.4571700008239966,0.09863994039774646,2.0,0.2285850004119983
48,1,2,reply_null,0,8,0.0,0.0,0.0,0.0
48,1,2,reply_null,1,8,0.03467252853366315,0.014465085136245108,0.16666666666666666,0.2080351712019789
48,1,2,reply_null,2,8,0.1027587009576924,0.05478320692159013,0.3333333333333333,0.3082761028730772
48,1,2,reply_null,3,8,0.11955480741233715,0.05373405098978231,0.5,0.2391096148246743
48,1,2,reply_null,4,8,0.17215700993109892,0.05597148166798052,0.6666666666666666,0.2582355148966484
48,1,2,reply_null,5,8,0.22452216252666252,0.05211721244860744,0.8333333333333334,0.269426595031995
48,1,2,reply_null,6,8,0.25245842113028594,0.05241523248097922,1.0,0.25245842113028594
48,1,2,reply_null,7,8,0.26381184859718465,0.054229062942652145,1.1666666666666667,0.2261244416547297
48,1,2,reply_null,8,8,0.3020886771936965,0.05280250242317602,1.3333333333333333,0.22656650789527236
48,1,2,reply_null,9,8,0.3239989241673762,0.05052118558246398,1.5,0.21599928277825078
48,1,2,reply_null,10,8,0.3464370322138087,0.049278355725224945,1.6666666666666667,0.20786221932828522
48,1,2,reply_null,11,8,0.3768827545495686,0.05430938405526104,1.8333333333333333,0.20557241157249198
48,1,2,reply_null,12,8,0.4236889129438588,0.05006502763220734,2.0,0.2118444564719294
48,1,8,random,0,8,0.0,0.0,0.0,0.0
48,1,8,random,1,8,0.3151864687798917,0.1062491069720582,0.6666666666666666,0.4727797031698376
48,1,8,random,2,8,0.47833594095741927,0.0989796458976801,1.3333333333333333,0.35875195571806445
48,1,8,random,3,8,0.5577809276370369,0.08689855108881189,2.0,0.27889046381851845
48,1,8,random,4,8,0.6590952650666893,0.12283143842718589,2.6666666666666665,0.24716072440000847
48,1,8,random,5,8,0.699757592229303,0.11950703150707168,3.3333333333333335,0.20992727766879088
48,1,8,random,6,8,0.757784214241759,0.11456335821626822,4.0,0.18944605356043975
48,1,8,random,7,8,0.8482249542130176,0.1100437667591398,4.666666666666667,0.18176249018850377
48,1,8,random,8,8,0.8996369057842101,0.10641999348554874,5.333333333333333,0.1686819198345394
48,1,8,random,9,8,0.9191693101780573,0.10775931406286088,6.0,0.1531948850296762
48,1,8,random,10,8,0.9692899096318628,0.10960925797286442,6.666666666666667,0.14539348644477942
48,1,8,random,11,8,1.0417702491201992,0.10890647481145348,7.333333333333333,0.14205957942548172
48,1,8,random,12,8,1.1335747749786962,0.09388237913258858,8.0,0.14169684687233702
48,1,8,krylov,0,8,0.0,0.0,0.0,0.0
48,1,8,krylov,1,8,0.13673746159372707,0.05723097749077775,0.6666666666666666,0.2051061923905906
48,1,8,krylov,2,8,0.25534556107201944,0.09776156663873092,1.3333333333333333,0.19150917080401458
48,1,8,krylov,3,8,0.38320206962705095,0.13419001636132136,2.0,0.19160103481352547
48,1,8,krylov,4,8,0.502487270227954,0.16000780671189838,2.6666666666666665,0.18843272633548278
48,1,8,krylov,5,8,0.6072539385841178,0.17914462047913224,3.3333333333333335,0.18217618157523532
48,1,8,krylov,6,8,0.6985463033870437,0.19754956157300596,4.0,0.17463657584676093
48,1,8,krylov,7,8,0.7848871764320676,0.2083662534359632,4.666666666666667,0.16819010923544306
48,1,8,krylov,8,8,0.8688181752054076,0.21342073000110504,5.333333333333333,0.16290340785101393
48,1,8,krylov,9,8,0.9526584878099673,0.212644921982047,6.0,0.15877641463499456
48,1,8,krylov,10,8,1.0299540429234961,0.2074935003825799,6.666666666666667,0.1544931064385244
48,1,8,krylov,11,8,1.1045845312795184,0.20205178696202933,7.333333333333333,0.15062516335629797
48,1,8,krylov,12,8,1.1966125408833068,0.19530758851653807,8.0,0.14957656761041335
48,1,8,reply_null,0,8,0.0,0.0,0.0,0.0
48,1,8,reply_null,1,8,0.16856613470471227,0.10000905165328608,0.6666666666666666,0.2528492020570684
48,1,8,reply_null,2,8,0.3897923088572815,0.0972432454129493,1.3333333333333333,0.29234423164296114
48,1,8,reply_null,3,8,0.41343281771633694,0.09363465407433125,2.0,0.20671640885816847
48,1,8,reply_null,4,8,0.5208530187716107,0.089273848796778,2.6666666666666665,0.19531988203935402
48,1,8,reply_null,5,8,0.6707456902740401,0.10240822516267006,3.3333333333333335,0.20122370708221202
48,1,8,reply_null,6,8,0.7277349602581922,0.11205844970865839,4.0,0.18193374006454804
48,1,8,reply_null,7,8,0.7902958861976006,0.10333836248134093,4.666666666666667,0.1693491184709144
48,1,8,reply_null,8,8,0.8180967548453433,0.10390762194129118,5.333333333333333,0.15339314153350186
48,1,8,reply_null,9,8,0.9581065360865466,0.09315804974112313,6.0,0.1596844226810911
48,1,8,reply_null,10,8,1.0267523171428785,0.08712129104959684,6.666666666666667,0.15401284757143177
48,1,8,reply_null,11,8,1.0617284579070956,0.0822716726053332,7.333333333333333,0.14478115335096758
48,1,8,reply_null,12,8,1.1251816237036092,0.06827833903595273,8.0,0.14064770296295115
48,1,32,random,0,8,0.0,0.0,0.0,0.0
48,1,32,random,1,8,0.33546797233660913,0.0978986728360282,2.6666666666666665,0.12580048962622845
48,1,32,random,2,8,0.4456536458338481,0.11748118130430685,5.333333333333333,0.08356005859384652
48,1,32,random,3,8,0.7900593664927174,0.20852342144578687,8.0,0.09875742081158967
48,1,32,random,4,8,1.1049056492313403,0.25822890506236507,10.666666666666666,0.10358490461543815
48,1,32,random,5,8,1.272351371233734,0.25304385927462036,13.333333333333334,0.09542635284253004
48,1,32,random,6,8,1.4169516335638512,0.2716836776395334,16.0,0.0885594770977407
48,1,32,random,7,8,1.6227936792373483,0.24601053362498604,18.666666666666668,0.08693537567342936
48,1,32,random,8,8,1.701163924150208,0.21798231638636348,21.333333333333332,0.079742058944541
48,1,32,random,9,8,1.8402985153687492,0.16220398447729584,24.0,0.07667910480703122
48,1,32,random,10,8,1.899210707414373,0.1700801406264556,26.666666666666668,0.07122040152803898
48,1,32,random,11,8,2.012393899690594,0.1369684852918122,29.333333333333332,0.06860433748945206
48,1,32,random,12,8,2.157443749261005,0.12706133073778791,32.0,0.0674201171644064
48,1,32,krylov,0,8,0.0,0.0,0.0,0.0
48,1,32,krylov,1,8,0.4878936807367987,0.14743413266884137,2.6666666666666665,0.1829601302762995
48,1,32,krylov,2,8,0.8830059254807365,0.21968888101635062,5.333333333333333,0.1655636110276381
48,1,32,krylov,3,8,1.3035777735443665,0.2574733832406254,8.0,0.16294722169304582
48,1,32,krylov,4,8,1.7233110134406502,0.2639597806253012,10.666666666666666,0.16156040751006095
48,1,32,krylov,5,8,2.09628913584553,0.26684145548382004,13.333333333333334,0.15722168518841476
48,1,32,krylov,6,8,2.4353555627097094,0.24850309025737827,16.0,0.15220972266935684
48,1,32,krylov,7,8,2.7509098677084216,0.19026360561699812,18.666666666666668,0.14737017148437973
48,1,32,krylov,8,8,3.001530382528305,0.1486429951984922,21.333333333333332,0.1406967366810143
48,1,32,krylov,9,8,3.171003612061405,0.12043082110378737,24.0,0.13212515050255855
48,1,32,krylov,10,8,3.274721582871887,0.0918635781116104,26.666666666666668,0.12280205935769577
48,1,32,krylov,11,8,3.362213582410633,0.06151600282549191,29.333333333333332,0.11462091758218068
48,1,32,krylov,12,8,3.41612581142138,0.03921826386150075,32.0,0.10675393160691812
48,1,32,reply_null,0,8,0.0,0.0,0.0,0.0
48,1,32,reply_null,1,8,0.5391957655524806,0.1758805322222677,2.6666666666666665,0.20219841208218023
48,1,32,reply_null,2,8,0.9110974520797968,0.19034135089923282,5.333333333333333,0.1708307722649619
48,1,32,reply_null,3,8,1.0371399915560182,0.19037972086093483,8.0,0.12964249894450228
48,1,32,reply_null,4,8,1.1149342518636822,0.19272878239410116,10.666666666666666,0.10452508611222021
48,1,32,reply_null,5,8,1.3225864943948713,0.14493303645661287,13.333333333333334,0.09919398707961534
48,1,32,reply_null,6,8,1.4272284015043613,0.13700551827828197,16.0,0.08920177509402258
48,1,32,reply_null,7,8,1.6064852668604404,0.07486887475495103,18.666666666666668,0.08606171072466644
48,1,32,reply_null,8,8,1.7068782982231248,0.08186102252069093,21.333333333333332,0.08000992022920898
48,1,32,reply_null,9,8,1.8869743820645657,0.11303716972678797,24.0,0.07862393258602357
48,1,32,reply_null,10,8,1.9497006728831674,0.09359325301487681,26.666666666666668,0.07311377523311878
48,1,32,reply_null,11,8,2.1213746028362297,0.08052802629784678,29.333333333333332,0.07231958873305329
48,1,32,reply_null,12,8,2.1352258799890436,0.08233268167083156,32.0,0.06672580874965761
48,3,2,random,0,8,0.0,0.0,0.0,0.0
48,3,2,random,1,8,0.04374627741684371,0.014564029277318816,0.16666666666666666,0.2624776645010623
48,3,2,random,2,8,0.07545069382834686,0.01699605893661086,0.3333333333333333,0.2263520814850406
48,3,2,random,3,8,0.1173568216309833,0.017343975314607116,0.5,0.2347136432619666
48,3,2,random,4,8,0.15194850873262922,0.017811054748748185,0.6666666666666666,0.22792276309894383
48,3,2,random,5,8,0.17939733254985818,0.021573695999277633,0.8333333333333334,0.2152767990598298
48,3,2,random,6,8,0.21801682317224638,0.02274921775959785,1.0,0.21801682317224638
48,3,2,random,7,8,0.24054946102905905,0.02714001057951043,1.1666666666666667,0.20618525231062204
48,3,2,random,8,8,0.27207622830878175,0.027574635057430245,1.3333333333333333,0.20405717123158632
48,3,2,random,9,8,0.33671487361638186,0.029884507409723367,1.5,0.22447658241092125
48,3,2,random,10,8,0.36398769352408533,0.029988523480644364,1.6666666666666667,0.21839261611445118
48,3,2,random,11,8,0.40349137016242465,0.030938509218975074,1.8333333333333333,0.22008620190677708
48,3,2,random,12,8,0.436691643630038,0.03000897966289389,2.0,0.218345821815019
48,3,2,krylov,0,8,0.0,0.0,0.0,0.0
48,3,2,krylov,1,8,0.046355110736808244,0.007160673523843256,0.16666666666666666,0.2781306644208495
48,3,2,krylov,2,8,0.08772391317565006,0.014909234320596843,0.3333333333333333,0.2631717395269502
48,3,2,krylov,3,8,0.11874370718107159,0.01889300000867954,0.5,0.23748741436214318
48,3,2,krylov,4,8,0.14167070548212132,0.022358043537162742,0.6666666666666666,0.212506058223182
48,3,2,krylov,5,8,0.16497248135610515,0.0258031076764027,0.8333333333333334,0.19796697762732618
48,3,2,krylov,6,8,0.18614535780535607,0.028853878404760863,1.0,0.18614535780535607
48,3,2,krylov,7,8,0.20725171628788633,0.031025416966295,1.1666666666666667,0.1776443282467597
48,3,2,krylov,8,8,0.22803936683608492,0.033887779021243555,1.3333333333333333,0.1710295251270637
48,3,2,krylov,9,8,0.2491074407594563,0.03521027857173242,1.5,0.16607162717297086
48,3,2,krylov,10,8,0.2715252284949028,0.035514057079706146,1.6666666666666667,0.16291513709694166
48,3,2,krylov,11,8,0.29416056772905386,0.03491706223188057,1.8333333333333333,0.1604512187613021
48,3,2,krylov,12,8,0.3146081350318509,0.03602090797345517,2.0,0.15730406751592546
48,3,2,reply_null,0,8,0.0,0.0,0.0,0.0
48,3,2,reply_null,1,8,0.04175540147155157,0.009280746206828672,0.16666666666666666,0.25053240882930944
48,3,2,reply_null,2,8,0.08718712213968076,0.010905875700226914,0.3333333333333333,0.2615613664190423
48,3,2,reply_null,3,8,0.10692181636761199,0.010785097479620769,0.5,0.21384363273522397
48,3,2,reply_null,4,8,0.14144244459407013,0.011087336612105465,0.6666666666666666,0.2121636668911052
48,3,2,reply_null,5,8,0.17610504241645217,0.014713255061546431,0.8333333333333334,0.2113260508997426
48,3,2,reply_null,6,8,0.19434266602624584,0.01438540416136855,1.0,0.19434266602624584
48,3,2,reply_null,7,8,0.2575544796300556,0.018167176981778943,1.1666666666666667,0.22076098254004767
48,3,2,reply_null,8,8,0.2849558567917566,0.018705027292631352,1.3333333333333333,0.21371689259381746
48,3,2,reply_null,9,8,0.33581828033128913,0.02085942122079431,1.5,0.22387885355419276
48,3,2,reply_null,10,8,0.3785624776435865,0.021522077670459553,1.6666666666666667,0.2271374865861519
48,3,2,reply_null,11,8,0.416393947238883,0.01945608060574951,1.8333333333333333,0.22712397122120892
48,3,2,reply_null,12,8,0.4680927100035593,0.023539655727680128,2.0,0.23404635500177964
48,3,8,random,0,8,0.0,0.0,0.0,0.0
48,3,8,random,1,8,0.15384414696041593,0.03240654811079858,0.6666666666666666,0.2307662204406239
48,3,8,random,2,8,0.2377598161404421,0.031768408990790045,1.3333333333333333,0.17831986210533157
48,3,8,random,3,8,0.44530534253965154,0.05225143783821421,2.0,0.22265267126982577
48,3,8,random,4,8,0.5956211610058055,0.04934458516235812,2.6666666666666665,0.22335793537717707
48,3,8,random,5,8,0.7220561217748046,0.07008532212012306,3.3333333333333335,0.21661683653244138
48,3,8,random,6,8,0.8577647081328272,0.06903902762723885,4.0,0.2144411770332068
48,3,8,random,7,8,0.9315640664857117,0.0741959817657241,4.666666666666667,0.19962087138979534
48,3,8,random,8,8,1.070643565653033,0.10569867334474196,5.333333333333333,0.20074566855994372
48,3,8,random,9,8,1.182074320529982,0.10340294540414693,6.0,0.197012386754997
48,3,8,random,10,8,1.3036202647541217,0.096277814305478,6.666666666666667,0.19554303971311826
48,3,8,random,11,8,1.3786345631196804,0.09192570496011375,7.333333333333333,0.18799562224359279
48,3,8,random,12,8,1.4843761375562756,0.1044796046962969,8.0,0.18554701719453445
48,3,8,krylov,0,8,0.0,0.0,0.0,0.0
48,3,8,krylov,1,8,0.17005859605370777,0.05658323210722721,0.6666666666666666,0.25508789408056165
48,3,8,krylov,2,8,0.3063770594384848,0.09191247154868332,1.3333333333333333,0.2297827945788636
48,3,8,krylov,3,8,0.4002507764647434,0.1093449134560901,2.0,0.2001253882323717
48,3,8,krylov,4,8,0.4831101877429677,0.11837177276455955,2.6666666666666665,0.1811663204036129
48,3,8,krylov,5,8,0.5677472543103199,0.12387791568859846,3.3333333333333335,0.17032417629309596
48,3,8,krylov,6,8,0.6407509451317495,0.12032433455587899,4.0,0.16018773628293737
48,3,8,krylov,7,8,0.7119473691528602,0.11171818683459049,4.666666666666667,0.15256015053275573
48,3,8,krylov,8,8,0.7893860235192842,0.09959801544248112,5.333333333333333,0.1480098794098658
48,3,8,krylov,9,8,0.8734755440434255,0.08299496149068034,6.0,0.14557925734057092
48,3,8,krylov,10,8,0.9441084718161525,0.06938016887686729,6.666666666666667,0.14161627077242286
48,3,8,krylov,11,8,1.0085522086937275,0.0597494780031765,7.333333333333333,0.13752984664005377
48,3,8,krylov,12,8,1.0597624543133506,0.05421241219168951,8.0,0.13247030678916882
48,3,8,reply_null,0,8,0.0,0.0,0.0,0.0
48,3,8,reply_null,1,8,0.14575758807653727,0.02983108198069443,0.6666666666666666,0.2186363821148059
48,3,8,reply_null,2,8,0.34276206910292306,0.05095275458885969,1.3333333333333333,0.2570715518271923
48,3,8,reply_null,3,8,0.45023104034319855,0.05646008301555558,2.0,0.22511552017159928
48,3,8,reply_null,4,8,0.5942238208198185,0.04718125756517301,2.6666666666666665,0.22283393280743194
48,3,8,reply_null,5,8,0.6919029200157556,0.048439368935078865,3.3333333333333335,0.20757087600472668
48,3,8,reply_null,6,8,0.8119861570944686,0.054315917983047274,4.0,0.20299653927361716
48,3,8,reply_null,7,8,0.959199433649458,0.043298867668234785,4.666666666666667,0.2055427357820267
48,3,8,reply_null,8,8,1.0971553855355942,0.0678080752894269,5.333333333333333,0.20571663478792393
48,3,8,reply_null,9,8,1.2061839053831447,0.06681264154268571,6.0,0.20103065089719077
48,3,8,reply_null,10,8,1.3292490390877907,0.07679915013362258,6.666666666666667,0.19938735586316858
48,3,8,reply_null,11,8,1.4996837438961295,0.09632015195823147,7.333333333333333,0.20450232871310858
48,3,8,reply_null,12,8,1.6037910622539466,0.10531750236139095,8.0,0.20047388278174333
48,3,32,random,0,8,0.0,0.0,0.0,0.0
48,3,32,random,1,8,0.597625028760264,0.03692509671268101,2.6666666666666665,0.224109385785099
48,3,32,random,2,8,1.0400441964852374,0.09085402732369642,5.333333333333333,0.195008286840982
48,3,32,random,3,8,1.4605810618485742,0.13426749477382638,8.0,0.18257263273107177
48,3,32,random,4,8,1.9319756881499974,0.12172893003258291,10.666666666666666,0.18112272076406227
48,3,32,random,5,8,2.269558973028665,0.11153292247084862,13.333333333333334,0.17021692297714988
48,3,32,random,6,8,2.577267721924355,0.14120928045430797,16.0,0.16107923262027218
48,3,32,random,7,8,2.8258992251447888,0.1254779496002485,18.666666666666668,0.1513874584898994
48,3,32,random,8,8,3.0515032502503727,0.1358891347003717,21.333333333333332,0.14303921485548624
48,3,32,random,9,8,3.274663245970973,0.1386241565398402,24.0,0.1364443019154572
48,3,32,random,10,8,3.459408285900914,0.1288893051311567,26.666666666666668,0.12972781072128425
48,3,32,random,11,8,3.5853943409072215,0.11825611075706981,29.333333333333332,0.12222935253092801
48,3,32,random,12,8,3.7931895377544715,0.09853366055021569,32.0,0.11853717305482724
48,3,32,krylov,0,8,0.0,0.0,0.0,0.0
48,3,32,krylov,1,8,0.4907903964555849,0.1266454073015108,2.6666666666666665,0.18404639867084435
48,3,32,krylov,2,8,0.8800954108495598,0.17945783667749213,5.333333333333333,0.16501788953429247
48,3,32,krylov,3,8,1.2075098663762769,0.20175625514362097,8.0,0.1509387332970346
48,3,32,krylov,4,8,1.559189143973633,0.18387270906317546,10.666666666666666,0.1461739822475281
48,3,32,krylov,5,8,1.867487084181866,0.14470512417193687,13.333333333333334,0.14006153131363994
48,3,32,krylov,6,8,2.0853727714699875,0.11539234516655687,16.0,0.13033579821687422
48,3,32,krylov,7,8,2.237311187822941,0.08078576432825132,18.666666666666668,0.11985595649051468
48,3,32,krylov,8,8,2.3301593625089954,0.05095310637759204,21.333333333333332,0.10922622011760916
48,3,32,krylov,9,8,2.395894336582281,0.023597686212633355,24.0,0.09982893069092837
48,3,32,krylov,10,8,2.423421837322839,0.014349407120365866,26.666666666666668,0.09087831889960646
48,3,32,krylov,11,8,2.4379603006186175,0.00844396014443655,29.333333333333332,0.0831122829756347
48,3,32,krylov,12,8,2.446294373482302,0.004860998846939853,32.0,0.07644669917132194
48,3,32,reply_null,0,8,0.0,0.0,0.0,0.0
48,3,32,reply_null,1,8,0.42852788293160116,0.09150917926252647,2.6666666666666665,0.16069795609935045
48,3,32,reply_null,2,8,0.7993198700136381,0.11336529983025344,5.333333333333333,0.14987247562755715
48,3,32,reply_null,3,8,1.131871165320177,0.0736112477335912,8.0,0.14148389566502212
48,3,32,reply_null,4,8,1.6048569254331095,0.09147942334484904,10.666666666666666,0.15045533675935402
48,3,32,reply_null,5,8,1.9356147802661714,0.11248257749655392,13.333333333333334,0.14517110851996284
48,3,32,reply_null,6,8,2.2224060891217947,0.11523322307073308,16.0,0.13890038057011217
48,3,32,reply_null,7,8,2.5452543256326434,0.10645123116784777,18.666666666666668,0.13635291030174876
48,3,32,reply_null,8,8,2.794117325546746,0.12606773478019628,21.333333333333332,0.13097424963500373
48,3,32,reply_null,9,8,3.1885828524400908,0.11942042478934758,24.0,0.13285761885167044
48,3,32,reply_null,10,8,3.417670331544346,0.15050091091416276,26.666666666666668,0.12816263743291298
48,3,32,reply_null,11,8,3.6466824653020993,0.14344029741552455,29.333333333333332,0.12431872040802612
48,3,32,reply_null,12,8,3.787327271566702,0.15278315336746642,32.0,0.11835397723645943
72,1,2,random,0,8,0.0,0.0,0.0,0.0
72,1,2,random,1,8,0.03485435449835464,0.012551221793762729,0.1111111111111111,0.3136891904851918
72,1,2,random,2,8,0.049083456392826144,0.011405415769429885,0.2222222222222222,0.22087555376771767
72,1,2,random,3,8,0.07800744538347545,0.016998631139925908,0.3333333333333333,0.23402233615042636
72,1,2,random,4,8,0.11863602256623842,0.01382331474225594,0.4444444444444444,0.26693105077403645
72,1,2,random,5,8,0.14534910591611205,0.01946762327092214,0.5555555555555556,0.2616283906490017
72,1,2,random,6,8,0.17722353664514695,0.03353515885678821,0.6666666666666666,0.26583530496772045
72,1,2,random,7,8,0.19721037564792074,0.0330101579868052,0.7777777777777778,0.2535561972616124
72,1,2,random,8,8,0.2194592195358,0.032716044617232376,0.8888888888888888,0.246891621977775
72,1,2,random,9,8,0.22875202031708564,0.03197923584697365,1.0,0.22875202031708564
72,1,2,random,10,8,0.25224696811053093,0.031905982671516384,1.1111111111111112,0.22702227129947783
72,1,2,random,11,8,0.26610279509134205,0.03332976512269113,1.2222222222222223,0.21772046871109801
72,1,2,random,12,8,0.292415930560145,0.03458223728227592,1.3333333333333333,0.21931194792010875
72,1,2,random,13,8,0.31847281825260465,0.037215847631241285,1.4444444444444444,0.22048118186718785
72,1,2,random,14,8,0.33996127340893423,0.035081802943177955,1.5555555555555556,0.21854653290574344
72,1,2,random,15,8,0.3568503375195522,0.032062362966310286,1.6666666666666667,0.2141102025117313
72,1,2,random,16,8,0.37643941866614766,0.02977816442778682,1.7777777777777777,0.21174717299970808
72,1,2,random,17,8,0.39689788923355873,0.025083133460137592,1.8888888888888888,0.21012241194717815
72,1,2,random,18,8,0.4022127066255858,0.024742291213303163,2.0,0.2011063533127929
72,1,2,krylov,0,8,0.0,0.0,0.0,0.0
72,1,2,krylov,1,8,0.012781090905749273,0.005904479445595205,0.1111111111111111,0.11502981815174346
72,1,2,krylov,2,8,0.02848415894575638,0.01388169453895025,0.2222222222222222,0.1281787152559037
72,1,2,krylov,3,8,0.04228219620993223,0.019825603559231974,0.3333333333333333,0.1268465886297967
72,1,2,krylov,4,8,0.05626267675754981,0.0254748799105721,0.4444444444444444,0.12659102270448708
72,1,2,krylov,5,8,0.07025267578314076,0.03145177783065671,0.5555555555555556,0.12645481640965336
72,1,2,krylov,6,8,0.0824977550380975,0.03584880287937036,0.6666666666666666,0.12374663255714625
72,1,2,krylov,7,8,0.09410128048971267,0.0405068864895833,0.7777777777777778,0.12098736062963057
72,1,2,krylov,8,8,0.10500689634476171,0.0447467412335239,0.8888888888888888,0.11813275838785693
72,1,2,krylov,9,8,0.11416773567678656,0.047495174763433505,1.0,0.11416773567678656
72,1,2,krylov,10,8,0.12419121992231405,0.049977839019094895,1.1111111111111112,0.11177209793008264
72,1,2,krylov,11,8,0.13463436849550356,0.052738906520929295,1.2222222222222223,0.110155392405412
72,1,2,krylov,12,8,0.14731401978782657,0.055450865805040044,1.3333333333333333,0.11048551484086994
72,1,2,krylov,13,8,0.15983543539259165,0.05795755338936139,1.4444444444444444,0.11065530142564038
72,1,2,krylov,14,8,0.1727507186847571,0.06060589340266272,1.5555555555555556,0.111054033440201
72,1,2,krylov,15,8,0.1864981869032187,0.06279520070898584,1.6666666666666667,0.11189891214193122
72,1,2,krylov,16,8,0.20230026559611577,0.06489671799671404,1.7777777777777777,0.11379389939781513
72,1,2,krylov,17,8,0.21585640845710008,0.0664973380153528,1.8888888888888888,0.1142769221243471
72,1,2,krylov,18,8,0.23155363778360152,0.06839160091899338,2.0,0.11577681889180076
72,1,2,reply_null,0,8,0.0,0.0,0.0,0.0
72,1,2,reply_null,1,8,0.04114858757444382,0.024669104313391747,0.1111111111111111,0.3703372881699944
72,1,2,reply_null,2,8,0.07971672689246728,0.019743830868012457,0.2222222222222222,0.3587252710161028
72,1,2,reply_null,3,8,0.10360828522566243,0.02317493078254284,0.3333333333333333,0.3108248556769873
72,1,2,reply_null,4,8,0.1278435698627513,0.03207618021562909,0.4444444444444444,0.28764803219119045
72,1,2,reply_null,5,8,0.15534424108922903,0.036123063879837075,0.5555555555555556,0.27961963396061223
72,1,2,reply_null,6,8,0.16465044244153676,0.037807491622965095,0.6666666666666666,0.24697566366230514
72,1,2,reply_null,7,8,0.17889116953565481,0.03772516632526126,0.7777777777777778,0.2300029322601276
72,1,2,reply_null,8,8,0.20708437599295323,0.031212963048666997,0.8888888888888888,0.2329699229920724
72,1,2,reply_null,9,8,0.2117552615408616,0.030846499947300654,1.0,0.2117552615408616
72,1,2,reply_null,10,8,0.2307126616119996,0.03274274064187513,1.1111111111111112,0.20764139545079963
72,1,2,reply_null,11,8,0.24580890894129526,0.02925018316653594,1.2222222222222223,0.20111638004287793
72,1,2,reply_null,12,8,0.2691811963968439,0.023544514073818437,1.3333333333333333,0.20188589729763293
72,1,2,reply_null,13,8,0.2844814744267051,0.022492153066756487,1.4444444444444444,0.196948713064642
72,1,2,reply_null,14,8,0.3151909692867321,0.029520988762856127,1.5555555555555556,0.20262276597004208
72,1,2,reply_null,15,8,0.32429514180481805,0.029808059490536606,1.6666666666666667,0.19457708508289082
72,1,2,reply_null,16,8,0.3279821849474146,0.03045899856997634,1.7777777777777777,0.18448997903292072
72,1,2,reply_null,17,8,0.36342917617417303,0.02707996818297166,1.8888888888888888,0.19240368150397397
72,1,2,reply_null,18,8,0.38911976157982586,0.025834308671819017,2.0,0.19455988078991293
72,1,8,random,0,8,0.0,0.0,0.0,0.0
72,1,8,random,1,8,0.16740773459821495,0.08505703970243353,0.4444444444444444,0.37666740284598366
72,1,8,random,2,8,0.3314828936218646,0.09568615765670682,0.8888888888888888,0.3729182553245977
72,1,8,random,3,8,0.413641999752205,0.09022208530841039,1.3333333333333333,0.31023149981415377
72,1,8,random,4,8,0.45889287497128495,0.09855373811750345,1.7777777777777777,0.2581272421713478
72,1,8,random,5,8,0.5393858485827204,0.08254034963003364,2.2222222222222223,0.24272363186222418
72,1,8,random,6,8,0.629243036091382,0.07319789909224118,2.6666666666666665,0.23596613853426826
72,1,8,random,7,8,0.6506665936807053,0.07454040834102653,3.111111111111111,0.20914283368308387
72,1,8,random,8,8,0.7036757977879797,0.0780235790724196,3.5555555555555554,0.1979088181278693
72,1,8,random,9,8,0.7464957406213405,0.06667965644892071,4.0,0.18662393515533512
72,1,8,random,10,8,0.7798708068795526,0.06977476599927038,4.444444444444445,0.17547093154789933
72,1,8,random,11,8,0.8429639436095293,0.08508936438837877,4.888888888888889,0.17242444301104007
72,1,8,random,12,8,0.9045137963984604,0.0876375201564341,5.333333333333333,0.16959633682471134
72,1,8,random,13,8,0.9534585799214981,0.09508479661864665,5.777777777777778,0.16502167729410544
72,1,8,random,14,8,0.972382561775429,0.09594772129335258,6.222222222222222,0.1562757688567654
72,1,8,random,15,8,0.9977577793914973,0.09768254734221773,6.666666666666667,0.1496636669087246
72,1,8,random,16,8,1.0487583996817427,0.0912574450959865,7.111111111111111,0.14748164995524507
72,1,8,random,17,8,1.1517995419881795,0.08574028037971772,7.555555555555555,0.15244405702784727
72,1,8,random,18,8,1.2140071478524725,0.06887458068281077,8.0,0.15175089348155907
72,1,8,krylov,0,8,0.0,0.0,0.0,0.0
72,1,8,krylov,1,8,0.06432294349257868,0.02353084518493992,0.4444444444444444,0.14472662285830204
72,1,8,krylov,2,8,0.13919284325512826,0.05310977350105325,0.8888888888888888,0.1565919486620193
72,1,8,krylov,3,8,0.2068551891139179,0.0742748384732632,1.3333333333333333,0.15514139183543843
72,1,8,krylov,4,8,0.26953588310958165,0.09484432663515632,1.7777777777777777,0.1516139342491397
72,1,8,krylov,5,8,0.3317843791078179,0.1135680766391672,2.2222222222222223,0.14930297059851805
72,1,8,krylov,6,8,0.38927261714105865,0.12964435800690927,2.6666666666666665,0.145977231427897
72,1,8,krylov,7,8,0.45159552754462173,0.1477671898614647,3.111111111111111,0.14515570528219984
72,1,8,krylov,8,8,0.5080230348639627,0.16246297954945293,3.5555555555555554,0.14288147855548952
72,1,8,krylov,9,8,0.5628441125012105,0.1750035140127106,4.0,0.14071102812530262
72,1,8,krylov,10,8,0.6209021584384846,0.18420623601961372,4.444444444444445,0.13970298564865904
72,1,8,krylov,11,8,0.6855254445609344,0.19215724592611483,4.888888888888889,0.14022111366019113
72,1,8,krylov,12,8,0.7507317835828194,0.19637530146998156,5.333333333333333,0.14076220942177867
72,1,8,krylov,13,8,0.8103288886069995,0.1955566605079775,5.777777777777778,0.1402492307204422
72,1,8,krylov,14,8,0.864817268069159,0.19466370738763628,6.222222222222222,0.13898848951111484
72,1,8,krylov,15,8,0.9254320749278576,0.19167799132665617,6.666666666666667,0.13881481123917863
72,1,8,krylov,16,8,0.9877732316636402,0.18907460508218707,7.111111111111111,0.1389056107026994
72,1,8,krylov,17,8,1.044350597437409,0.18920690398625645,7.555555555555555,0.13822287319024532
72,1,8,krylov,18,8,1.1018971043379249,0.18904560560961692,8.0,0.1377371380422406
72,1,8,reply_null,0,8,0.0,0.0,0.0,0.0
72,1,8,reply_null,1,8,0.11632647247919567,0.05624736258308499,0.4444444444444444,0.26173456307819026
72,1,8,reply_null,2,8,0.20457048482799567,0.06682712081993014,0.8888888888888888,0.23014179543149513
72,1,8,reply_null,3,8,0.2808849344635277,0.07776385734468241,1.3333333333333333,0.21066370084764577
72,1,8,reply_null,4,8,0.31014086497432,0.07376606827518976,1.7777777777777777,0.174454236548055
72,1,8,reply_null,5,8,0.3520493634879324,0.07266038813348083,2.2222222222222223,0.1584222135695696
72,1,8,reply_null,6,8,0.4245284970783165,0.06260700204533291,2.6666666666666665,0.1591981864043687
72,1,8,reply_null,7,8,0.5195174959541569,0.0650780961768403,3.111111111111111,0.16698776655669328
72,1,8,reply_null,8,8,0.5816589784597556,0.07688805663021213,3.5555555555555554,0.16359158769180626
72,1,8,reply_null,9,8,0.7097721286959168,0.0625734627230622,4.0,0.1774430321739792
72,1,8,reply_null,10,8,0.7387201147710312,0.055550725647811924,4.444444444444445,0.16621202582348202
72,1,8,reply_null,11,8,0.7724989599241627,0.049123759789561884,4.888888888888889,0.15801115089357873
72,1,8,reply_null,12,8,0.8472394974306952,0.055200477051412546,5.333333333333333,0.15885740576825536
72,1,8,reply_null,13,8,0.9017447111640187,0.054664514203470585,5.777777777777778,0.15607120000915709
72,1,8,reply_null,14,8,0.941670885013086,0.05284327183433284,6.222222222222222,0.1513399636628174
72,1,8,reply_null,15,8,1.000683859895771,0.056834109102027595,6.666666666666667,0.15010257898436566
72,1,8,reply_null,16,8,1.0194461398570125,0.05709299327283181,7.111111111111111,0.1433596134173924
72,1,8,reply_null,17,8,1.0343780636533026,0.058837530732708095,7.555555555555555,0.13690297901293713
72,1,8,reply_null,18,8,1.053287785148013,0.06165050774920364,8.0,0.13166097314350161
72,1,32,random,0,8,0.0,0.0,0.0,0.0
72,1,32,random,1,8,0.46147941988596025,0.16341580900198235,1.7777777777777777,0.2595821736858527
72,1,32,random,2,8,0.7570477618192641,0.15719259241671182,3.5555555555555554,0.21291968301166805
72,1,32,random,3,8,0.8958116562671128,0.17668588187392023,5.333333333333333,0.16796468555008365
72,1,32,random,4,8,1.0022306767152944,0.19633501242098728,7.111111111111111,0.14093868891308828
72,1,32,random,5,8,1.1014539113889876,0.181867235360158,8.88888888888889,0.12391356503126111
72,1,32,random,6,8,1.2172462980215377,0.13539822863062057,10.666666666666666,0.11411684043951917
72,1,32,random,7,8,1.399535196655354,0.14235276296263188,12.444444444444445,0.1124626497312338
72,1,32,random,8,8,1.4422307482177907,0.13880242882769206,14.222222222222221,0.10140684948406342
72,1,32,random,9,8,1.5857899166297844,0.15554593570459485,16.0,0.09911186978936153
72,1,32,random,10,8,1.6773100146683624,0.141166845695233,17.77777777777778,0.09434868832509538
72,1,32,random,11,8,1.7086391591121082,0.1385081450476996,19.555555555555557,0.08737359336368734
72,1,32,random,12,8,1.7937136968492562,0.13149451798369172,21.333333333333332,0.08408032953980889
72,1,32,random,13,8,1.8941443271248126,0.15734079336476867,23.11111111111111,0.08195816800059286
72,1,32,random,14,8,1.9479882315596868,0.1361473150863414,24.88888888888889,0.07826738430373742
72,1,32,random,15,8,1.9835570629492039,0.1387914501010986,26.666666666666668,0.07438338986059514
72,1,32,random,16,8,2.0226349214062527,0.13284189303392888,28.444444444444443,0.07110825895568858
72,1,32,random,17,8,2.085570509017096,0.12545086651007686,30.22222222222222,0.06900784772483039
72,1,32,random,18,8,2.1359090113622887,0.1281656946419646,32.0,0.06674715660507152
72,1,32,krylov,0,8,0.0,0.0,0.0,0.0
72,1,32,krylov,1,8,0.15099486498119458,0.06074780379971649,1.7777777777777777,0.08493461155192196
72,1,32,krylov,2,8,0.3050024184218958,0.11251947791246486,3.5555555555555554,0.08578193018115819
72,1,32,krylov,3,8,0.47349560939207835,0.16786967061886282,5.333333333333333,0.08878042676101469
72,1,32,krylov,4,8,0.6451871595370905,0.2136994950730248,7.111111111111111,0.09072944430990336
72,1,32,krylov,5,8,0.828990884081259,0.25762996831970786,8.88888888888889,0.09326147445914164
72,1,32,krylov,6,8,1.0290040888952663,0.3054486652317433,10.666666666666666,0.09646913333393121
72,1,32,krylov,7,8,1.1961921166071179,0.3334255807819373,12.444444444444445,0.09612258079878626
72,1,32,krylov,8,8,1.390776654663881,0.354808283430231,14.222222222222221,0.09778898353105413
72,1,32,krylov,9,8,1.6267407676503494,0.36237688146581526,16.0,0.10167129797814684
72,1,32,krylov,10,8,1.8498588393028759,0.3539936149680908,17.77777777777778,0.10405455971078677
72,1,32,krylov,11,8,2.072861056266915,0.3398669482669051,19.555555555555557,0.1059985767409218
72,1,32,krylov,12,8,2.292236225996494,0.31841301960644486,21.333333333333332,0.10744857309358566
72,1,32,krylov,13,8,2.494258350027178,0.29444120542131436,23.11111111111111,0.10792464014540676
72,1,32,krylov,14,8,2.70024052478723,0.2583620309416652,24.88888888888889,0.10849180679948692
72,1,32,krylov,15,8,2.8761374033682117,0.21895415210686087,26.666666666666668,0.10785515262630793
72,1,32,krylov,16,8,3.03277340448853,0.17511441311829964,28.444444444444443,0.10662094000154988
72,1,32,krylov,17,8,3.157192160502478,0.13499361121676343,30.22222222222222,0.10446591707544965
72,1,32,krylov,18,8,3.265921345985896,0.0941920309901098,32.0,0.10206004206205925
72,1,32,reply_null,0,8,0.0,0.0,0.0,0.0
72,1,32,reply_null,1,8,0.3082470749035675,0.10163917494249625,1.7777777777777777,0.17338897963325672
72,1,32,reply_null,2,8,0.3969918598264565,0.10540665891406019,3.5555555555555554,0.1116539605761909
72,1,32,reply_null,3,8,0.7188113929968121,0.09854567842151858,5.333333333333333,0.13477713618690226
72,1,32,reply_null,4,8,0.922162097079623,0.10774041523170735,7.111111111111111,0.129679044901822
72,1,32,reply_null,5,8,0.9937807984039275,0.1175349565043491,8.88888888888889,0.11180033982044184
72,1,32,reply_null,6,8,1.1948339134171078,0.09035390326201656,10.666666666666666,0.11201567938285385
72,1,32,reply_null,7,8,1.4174414918488176,0.08287997974790212,12.444444444444445,0.11390154845213712
72,1,32,reply_null,8,8,1.5631454629678294,0.10349159976411955,14.222222222222221,0.10990866536492551
72,1,32,reply_null,9,8,1.6619604428344417,0.10560799224648315,16.0,0.1038725276771526
72,1,32,reply_null,10,8,1.7428001568080336,0.11517867816530492,17.77777777777778,0.09803250882045188
72,1,32,reply_null,11,8,1.785320829885342,0.1268767092166787,19.555555555555557,0.09129481516459134
72,1,32,reply_null,12,8,1.8739675239936193,0.13242509170496344,21.333333333333332,0.08784222768720092
72,1,32,reply_null,13,8,1.9273882594591374,0.13951509987898458,23.11111111111111,0.08339660738044345
72,1,32,reply_null,14,8,1.985481876422346,0.13065175763775175,24.88888888888889,0.07977382539196926
72,1,32,reply_null,15,8,2.030562047071447,0.11847274396216802,26.666666666666668,0.07614607676517926
72,1,32,reply_null,16,8,2.068057098629668,0.12074439037284918,28.444444444444443,0.07270513237369927
72,1,32,reply_null,17,8,2.1131341322901385,0.11551384983033755,30.22222222222222,0.06991987937724722
72,1,32,reply_null,18,8,2.1703708729493876,0.11343495448613398,32.0,0.06782408977966836
72,3,2,random,0,8,0.0,0.0,0.0,0.0
72,3,2,random,1,8,0.03911596922900034,0.011006455062492834,0.1111111111111111,0.35204372306100307
72,3,2,random,2,8,0.0820473004542798,0.023030351127133333,0.2222222222222222,0.36921285204425913
72,3,2,random,3,8,0.1200909602273183,0.020180533175850363,0.3333333333333333,0.3602728806819549
72,3,2,random,4,8,0.14407242212568686,0.021430681257565243,0.4444444444444444,0.3241629497827954
72,3,2,random,5,8,0.17054149752587688,0.02165253398967577,0.5555555555555556,0.30697469554657836
72,3,2,random,6,8,0.2026586423668533,0.025583117152452577,0.6666666666666666,0.30398796355027996
72,3,2,random,7,8,0.22508085831380092,0.026360334443349842,0.7777777777777778,0.2893896749748869
72,3,2,random,8,8,0.2452547143754929,0.02431944350640992,0.8888888888888888,0.27591155367242953
72,3,2,random,9,8,0.2568991236571049,0.022667077670752673,1.0,0.2568991236571049
72,3,2,random,10,8,0.27849796662749887,0.02118055962678869,1.1111111111111112,0.250648169964749
72,3,2,random,11,8,0.29538088441913446,0.023348151173833688,1.2222222222222223,0.2416752690702009
72,3,2,random,12,8,0.31789925937498137,0.02317700585962155,1.3333333333333333,0.23842444453123604
72,3,2,random,13,8,0.34731542613131977,0.02456418750220462,1.4444444444444444,0.24044914116783678
72,3,2,random,14,8,0.3671955218007069,0.020585063943971436,1.5555555555555556,0.23605426401474017
72,3,2,random,15,8,0.38102914221252526,0.02260557334504662,1.6666666666666667,0.22861748532751514
72,3,2,random,16,8,0.40398077995988146,0.021137970381120745,1.7777777777777777,0.22723918872743334
72,3,2,random,17,8,0.43359024037944216,0.020954585216180748,1.8888888888888888,0.2295477743185282
72,3,2,random,18,8,0.4486386813912074,0.020856442876403675,2.0,0.2243193406956037
72,3,2,krylov,0,8,0.0,0.0,0.0,0.0
72,3,2,krylov,1,8,0.028679443983227484,0.012038353053976245,0.1111111111111111,0.2581149958490474
72,3,2,krylov,2,8,0.05317540199560086,0.0200507123904396,0.2222222222222222,0.2392893089802039
72,3,2,krylov,3,8,0.07510992297652726,0.026690482179847357,0.3333333333333333,0.2253297689295818
72,3,2,krylov,4,8,0.09263712768862636,0.029565715749185564,0.4444444444444444,0.20843353729940933
72,3,2,krylov,5,8,0.10984808977678887,0.03172449996892611,0.5555555555555556,0.19772656159821994
72,3,2,krylov,6,8,0.12724390969323673,0.03386809831275869,0.6666666666666666,0.1908658645398551
72,3,2,krylov,7,8,0.14701271973184737,0.035366608506641785,0.7777777777777778,0.18901635394094662
72,3,2,krylov,8,8,0.16651340398333533,0.037095729562480965,0.8888888888888888,0.18732757948125225
72,3,2,krylov,9,8,0.18560996613703118,0.039375927332253806,1.0,0.18560996613703118
72,3,2,krylov,10,8,0.20087309681129947,0.04071101034245348,1.1111111111111112,0.18078578713016952
72,3,2,krylov,11,8,0.2141879019706412,0.04161116649560883,1.2222222222222223,0.17524464706688822
72,3,2,krylov,12,8,0.22789621835767068,0.04270569367496372,1.3333333333333333,0.17092216376825303
72,3,2,krylov,13,8,0.24103391797580875,0.043684977981194154,1.4444444444444444,0.16686963552171374
72,3,2,krylov,14,8,0.25276161083521664,0.04443521062417434,1.5555555555555556,0.1624896069654964
72,3,2,krylov,15,8,0.2647740519987495,0.04458087477105113,1.6666666666666667,0.15886443119924967
72,3,2,krylov,16,8,0.2758196448725313,0.04496671639535148,1.7777777777777777,0.15514855024079888
72,3,2,krylov,17,8,0.28693310556367363,0.04522471975275893,1.8888888888888888,0.1519057617690037
72,3,2,krylov,18,8,0.29731788363050515,0.04546232992717015,2.0,0.14865894181525258
72,3,2,reply_null,0,8,0.0,0.0,0.0,0.0
72,3,2,reply_null,1,8,0.03367660927313971,0.006430087519652072,0.1111111111111111,0.30308948345825737
72,3,2,reply_null,2,8,0.0699804258209502,0.01411131136988145,0.2222222222222222,0.3149119161942759
72,3,2,reply_null,3,8,0.10132853017333947,0.011964092805567369,0.3333333333333333,0.30398559052001844
72,3,2,reply_null,4,8,0.12611531238130938,0.01065504910561679,0.4444444444444444,0.2837594528579461
72,3,2,reply_null,5,8,0.15694543893130652,0.010766653043118251,0.5555555555555556,0.28250179007635173
72,3,2,reply_null,6,8,0.17699156438562375,0.010677041326215853,0.6666666666666666,0.26548734657843565
72,3,2,reply_null,7,8,0.1920943989828358,0.010241053804857694,0.7777777777777778,0.24697851297793175
72,3,2,reply_null,8,8,0.2249913715499297,0.014870294635443206,0.8888888888888888,0.2531152929936709
72,3,2,reply_null,9,8,0.24932054912135312,0.016409502173676115,1.0,0.24932054912135312
72,3,2,reply_null,10,8,0.2723669769808523,0.01597558311251787,1.1111111111111112,0.2451302792827671
72,3,2,reply_null,11,8,0.2945948400701107,0.012439039772691713,1.2222222222222223,0.24103214187554511
72,3,2,reply_null,12,8,0.3162613736417832,0.019292224318497003,1.3333333333333333,0.2371960302313374
72,3,2,reply_null,13,8,0.347137103195215,0.017158724442372958,1.4444444444444444,0.24032568682745656
72,3,2,reply_null,14,8,0.3608534529131331,0.016933717444415016,1.5555555555555556,0.23197721972987126
72,3,2,reply_null,15,8,0.3976826525606702,0.017880071474298733,1.6666666666666667,0.2386095915364021
72,3,2,reply_null,16,8,0.421030517234656,0.015809707652011992,1.7777777777777777,0.236829665944494
72,3,2,reply_null,17,8,0.4497752519016649,0.014019987148485104,1.8888888888888888,0.2381163098302932
72,3,2,reply_null,18,8,0.46963154771630966,0.014747172498991946,2.0,0.23481577385815483
72,3,8,random,0,8,0.0,0.0,0.0,0.0
72,3,8,random,1,8,0.144800919102919,0.023438158109254956,0.4444444444444444,0.3258020679815678
72,3,8,random,2,8,0.19930902586980143,0.029203450616181608,0.8888888888888888,0.22422265410352663
72,3,8,random,3,8,0.29938485035634466,0.030906761875094856,1.3333333333333333,0.2245386377672585
72,3,8,random,4,8,0.37545618194600594,0.054983050647679776,1.7777777777777777,0.21119410234462835
72,3,8,random,5,8,0.4498278981190954,0.04647926083091915,2.2222222222222223,0.20242255415359292
72,3,8,random,6,8,0.5572736957865988,0.04855084018161612,2.6666666666666665,0.20897763591997456
72,3,8,random,7,8,0.6205507739853403,0.04730103890897314,3.111111111111111,0.19946274878100223
72,3,8,random,8,8,0.7161359347677017,0.0573702549867261,3.5555555555555554,0.2014132316534161
72,3,8,random,9,8,0.8151405163442659,0.06474875159970066,4.0,0.20378512908606647
72,3,8,random,10,8,0.9001051210190838,0.07623478134814732,4.444444444444445,0.20252365222929383
72,3,8,random,11,8,0.9926470251197288,0.08070772678172958,4.888888888888889,0.20304143695630814
72,3,8,random,12,8,1.081202013557716,0.052503782895966536,5.333333333333333,0.20272537754207176
72,3,8,random,13,8,1.146440094512001,0.051885280669823744,5.777777777777778,0.19842232405015403
72,3,8,random,14,8,1.2357660004114002,0.049676982844224254,6.222222222222222,0.19860525006611787
72,3,8,random,15,8,1.2973886856783174,0.05258250613108384,6.666666666666667,0.1946083028517476
72,3,8,random,16,8,1.3641845294456565,0.05416344026720939,7.111111111111111,0.19183844945329545
72,3,8,random,17,8,1.4589960859203646,0.0415975334189202,7.555555555555555,0.19310242313651885
72,3,8,random,18,8,1.5319160374554648,0.04038556637775306,8.0,0.1914895046819331
72,3,8,krylov,0,8,0.0,0.0,0.0,0.0
72,3,8,krylov,1,8,0.12406630377232301,0.028129626741377808,0.4444444444444444,0.27914918348772677
72,3,8,krylov,2,8,0.2244722681457625,0.046175415778987275,0.8888888888888888,0.2525313016639828
72,3,8,krylov,3,8,0.3135629190688314,0.06243714946193222,1.3333333333333333,0.23517218930162354
72,3,8,krylov,4,8,0.4036343974721406,0.07538384885102044,1.7777777777777777,0.2270443485780791
72,3,8,krylov,5,8,0.4713111510187725,0.08351764089606314,2.2222222222222223,0.21209001795844762
72,3,8,krylov,6,8,0.5423674623420975,0.0923195354547804,2.6666666666666665,0.20338779837828658
72,3,8,krylov,7,8,0.6102386672735853,0.10057032226969002,3.111111111111111,0.19614814305222386
72,3,8,krylov,8,8,0.6726153755947919,0.10616922484068367,3.5555555555555554,0.18917307438603523
72,3,8,krylov,9,8,0.7308325071235435,0.11037569559695622,4.0,0.18270812678088588
72,3,8,krylov,10,8,0.7880870312280539,0.11065856060149355,4.444444444444445,0.17731958202631212
72,3,8,krylov,11,8,0.84278673555596,0.11003158290962885,4.888888888888889,0.17238819590917362
72,3,8,krylov,12,8,0.8896152350760501,0.1069589680771914,5.333333333333333,0.16680285657675942
72,3,8,krylov,13,8,0.9300912832483521,0.10330457051108945,5.777777777777778,0.16097733748529172
72,3,8,krylov,14,8,0.9669317974932841,0.09893874568674575,6.222222222222222,0.1553997531685635
72,3,8,krylov,15,8,1.001548424097182,0.09228691590778439,6.666666666666667,0.15023226361457728
72,3,8,krylov,16,8,1.0309678155568305,0.08584249949153322,7.111111111111111,0.1449798490626793
72,3,8,krylov,17,8,1.0615581141908934,0.0768365051137805,7.555555555555555,0.14050033864291236
72,3,8,krylov,18,8,1.0891046703849332,0.06842909350589306,8.0,0.13613808379811665
72,3,8,reply_null,0,8,0.0,0.0,0.0,0.0
72,3,8,reply_null,1,8,0.0929387190534386,0.015375209259148112,0.4444444444444444,0.20911211787023687
72,3,8,reply_null,2,8,0.20392740400228881,0.03149074648845641,0.8888888888888888,0.22941832950257493
72,3,8,reply_null,3,8,0.2755021466501384,0.04239256297310895,1.3333333333333333,0.2066266099876038
72,3,8,reply_null,4,8,0.3928625962307627,0.05123971618734929,1.7777777777777777,0.22098521037980404
72,3,8,reply_null,5,8,0.5257329590024468,0.05772886544655006,2.2222222222222223,0.23657983155110104
72,3,8,reply_null,6,8,0.5872503916095188,0.05750574558100221,2.6666666666666665,0.22021889685356955
72,3,8,reply_null,7,8,0.7006604669180386,0.06181782788940045,3.111111111111111,0.22521229293794098
72,3,8,reply_null,8,8,0.7780925918562029,0.0545155423090073,3.5555555555555554,0.21883854145955708
72,3,8,reply_null,9,8,0.8318386284247932,0.04755574561403701,4.0,0.2079596571061983
72,3,8,reply_null,10,8,0.9583674733647596,0.04786476595519992,4.444444444444445,0.2156326815070709
72,3,8,reply_null,11,8,1.0076503154615073,0.043918647633250485,4.888888888888889,0.20611029179894466
72,3,8,reply_null,12,8,1.100630170330047,0.05647570734223265,5.333333333333333,0.20636815693688382
72,3,8,reply_null,13,8,1.1810690535255635,0.0592656038617861,5.777777777777778,0.2044157977255783
72,3,8,reply_null,14,8,1.2337709702544104,0.059802519644244975,6.222222222222222,0.1982846202194588
72,3,8,reply_null,15,8,1.3436436887630263,0.0568929025536057,6.666666666666667,0.20154655331445392
72,3,8,reply_null,16,8,1.4138046917176417,0.05002615486133114,7.111111111111111,0.19881628477279337
72,3,8,reply_null,17,8,1.4579230738508566,0.045152978831267336,7.555555555555555,0.19296040683320162
72,3,8,reply_null,18,8,1.5160413067247909,0.04468389002338644,8.0,0.18950516334059886
72,3,32,random,0,8,0.0,0.0,0.0,0.0
72,3,32,random,1,8,0.46209415402990334,0.08113099593803133,1.7777777777777777,0.25992796164182064
72,3,32,random,2,8,0.672169728333444,0.1182775415601442,3.5555555555555554,0.18904773609378114
72,3,32,random,3,8,1.0470889756768802,0.13909716803986408,5.333333333333333,0.19632918293941504
72,3,32,random,4,8,1.3199706454149633,0.1443469043064193,7.111111111111111,0.18562087201147923
72,3,32,random,5,8,1.6250876129577785,0.1459669388407917,8.88888888888889,0.18282235645775008
72,3,32,random,6,8,1.970123103515746,0.20223631776701032,10.666666666666666,0.1846990409546012
72,3,32,random,7,8,2.2450654095719784,0.1828964218050571,12.444444444444445,0.1804070418406054
72,3,32,random,8,8,2.4498370918446217,0.19678139829807373,14.222222222222221,0.17225417052032496
72,3,32,random,9,8,2.6984995292559972,0.1737141432135462,16.0,0.16865622057849983
72,3,32,random,10,8,2.8875979595133714,0.18212461009088035,17.77777777777778,0.16242738522262715
72,3,32,random,11,8,3.125814586774514,0.161860951159429,19.555555555555557,0.15984279136915128
72,3,32,random,12,8,3.3500698020080835,0.14747508604451975,21.333333333333332,0.15703452196912893
72,3,32,random,13,8,3.4846001190867524,0.15019026236245622,23.11111111111111,0.1507759666912537
72,3,32,random,14,8,3.589663004363377,0.1521621872824422,24.88888888888889,0.14422753142531425
72,3,32,random,15,8,3.711813475895939,0.1458304025223747,26.666666666666668,0.13919300534609771
72,3,32,random,16,8,3.8414745613827863,0.15402711661242102,28.444444444444443,0.1350518400486136
72,3,32,random,17,8,3.9645440009673867,0.14022465334760698,30.22222222222222,0.13117976473789147
72,3,32,random,18,8,4.063833442859915,0.1454556044834131,32.0,0.12699479508937234
72,3,32,krylov,0,8,0.0,0.0,0.0,0.0
72,3,32,krylov,1,8,0.26608411035400814,0.08687549744031564,1.7777777777777777,0.1496723120741296
72,3,32,krylov,2,8,0.500807526864911,0.13600514283187656,3.5555555555555554,0.14085211693075625
72,3,32,krylov,3,8,0.739976572953365,0.17501658387539132,5.333333333333333,0.13874560742875597
72,3,32,krylov,4,8,0.9455120326851197,0.19443415543650303,7.111111111111111,0.13296262959634497
72,3,32,krylov,5,8,1.1465860095671254,0.1973604789812278,8.88888888888889,0.1289909260763016
72,3,32,krylov,6,8,1.3822321523464853,0.1944223201751868,10.666666666666666,0.129584264282483
72,3,32,krylov,7,8,1.5975491169991156,0.19001210846672792,12.444444444444445,0.12837448261600035
72,3,32,krylov,8,8,1.7791787243981103,0.1820722797526064,14.222222222222221,0.12509850405924214
72,3,32,krylov,9,8,1.9322890059726316,0.16949875758085792,16.0,0.12076806287328948
72,3,32,krylov,10,8,2.0593823663896176,0.14621735050240187,17.77777777777778,0.11584025810941598
72,3,32,krylov,11,8,2.164910032218131,0.12001349900908653,19.555555555555557,0.11070562664751807
72,3,32,krylov,12,8,2.24611967458425,0.0959148895778583,21.333333333333332,0.10528685974613672
72,3,32,krylov,13,8,2.3038634661744295,0.0745335368708689,23.11111111111111,0.09968639997870128
72,3,32,krylov,14,8,2.355083684062182,0.051212245454559026,24.88888888888889,0.09462389802035552
72,3,32,krylov,15,8,2.3873143110684376,0.035674756951070814,26.666666666666668,0.08952428666506641
72,3,32,krylov,16,8,2.4084485542199525,0.02586693992565882,28.444444444444443,0.08467201948429522
72,3,32,krylov,17,8,2.424163886690242,0.018123818103626295,30.22222222222222,0.08021130507430949
72,3,32,krylov,18,8,2.4346768307640314,0.012777341328520235,32.0,0.07608365096137598
72,3,32,reply_null,0,8,0.0,0.0,0.0,0.0
72,3,32,reply_null,1,8,0.35801074147002965,0.08548790642364035,1.7777777777777777,0.2013810420768917
72,3,32,reply_null,2,8,0.7356786914823704,0.11614009597264514,3.5555555555555554,0.2069096319794167
72,3,32,reply_null,3,8,0.9953480934688327,0.13909301483424194,5.333333333333333,0.18662776752540614
72,3,32,reply_null,4,8,1.201546920953428,0.12627524081415267,7.111111111111111,0.1689675357590758
72,3,32,reply_null,5,8,1.460226603146697,0.103979001338486,8.88888888888889,0.16427549285400342
72,3,32,reply_null,6,8,1.7001331420936456,0.100851524514361,10.666666666666666,0.15938748207127929
72,3,32,reply_null,7,8,1.8553077672295153,0.11068295945162775,12.444444444444445,0.1490872312952289
72,3,32,reply_null,8,8,2.0388186800425814,0.11103768119617036,14.222222222222221,0.143354438440494
72,3,32,reply_null,9,8,2.333229054996009,0.08801585649220409,16.0,0.14582681593725055
72,3,32,reply_null,10,8,2.612018203121252,0.0723485430434882,17.77777777777778,0.14692602392557044
72,3,32,reply_null,11,8,2.85465619728778,0.05907826710972712,19.555555555555557,0.14597673736130692
72,3,32,reply_null,12,8,3.057859411553804,0.07992448473124593,21.333333333333332,0.14333715991658458
72,3,32,reply_null,13,8,3.179780799673003,0.07895891164226897,23.11111111111111,0.13758666921662033
72,3,32,reply_null,14,8,3.29051001978462,0.07276253893301192,24.88888888888889,0.13220799186634632
72,3,32,reply_null,15,8,3.4018446362603014,0.07817215495886756,26.666666666666668,0.1275691738597613
72,3,32,reply_null,16,8,3.5510261609810554,0.0582339403002094,28.444444444444443,0.12484076347199023
72,3,32,reply_null,17,8,3.697569884501566,0.0406888724640369,30.22222222222222,0.12234606235483123
72,3,32,reply_null,18,8,3.7489295152508264,0.050378197904653116,32.0,0.11715404735158833
96,1,2,random,0,8,0.0,0.0,0.0,0.0
96,1,2,random,1,8,0.012701299915849706,0.004845920196700793,0.08333333333333333,0.1524155989901965
96,1,2,random,2,8,0.03398037810931493,0.010792331660809281,0.16666666666666666,0.2038822686558896
96,1,2,random,3,8,0.05952840894521193,0.01805424995240501,0.25,0.2381136357808477
96,1,2,random,4,8,0.07714218382512272,0.019480185799421096,0.3333333333333333,0.23142655147536817
96,1,2,random,5,8,0.09996543426668243,0.020117518588611098,0.4166666666666667,0.23991704224003782
96,1,2,random,6,8,0.12303379657723822,0.018227441906190685,0.5,0.24606759315447643
96,1,2,random,7,8,0.13881969510260472,0.01773025899242217,0.5833333333333334,0.2379766201758938
96,1,2,random,8,8,0.1535089022126216,0.014660948195359957,0.6666666666666666,0.23026335331893238
96,1,2,random,9,8,0.17676388980162902,0.00933556750065737,0.75,0.23568518640217204
96,1,2,random,10,8,0.18599615235143552,0.008841227370119156,0.8333333333333334,0.2231953828217226
96,1,2,random,11,8,0.19201906437634422,0.01030922007842073,0.9166666666666666,0.2094753429560119
96,1,2,random,12,8,0.20411500389779136,0.010063024828166026,1.0,0.20411500389779136
96,1,2,random,13,8,0.2195014781062508,0.01274454504950478,1.0833333333333333,0.20261674902115462
96,1,2,random,14,8,0.23093711059507344,0.012747625384114515,1.1666666666666667,0.1979460947957772
96,1,2,random,15,8,0.23885095337804518,0.011236019048755957,1.25,0.19108076270243615
96,1,2,random,16,8,0.2436371121143952,0.012934288347917803,1.3333333333333333,0.1827278340857964
96,1,2,random,17,8,0.26011802723916355,0.015260569286252497,1.4166666666666667,0.1836127251099978
96,1,2,random,18,8,0.26808534826424607,0.013889493556845888,1.5,0.1787235655094974
96,1,2,random,19,8,0.28034431337971266,0.01472333261635053,1.5833333333333333,0.1770595663450817
96,1,2,random,20,8,0.3038158798499097,0.015247813818914949,1.6666666666666667,0.18228952790994582
96,1,2,random,21,8,0.3383081733432304,0.01910639207508249,1.75,0.19331895619613165
96,1,2,random,22,8,0.36124575055991454,0.01991091219262977,1.8333333333333333,0.1970431366690443
96,1,2,random,23,8,0.375769424740926,0.022882151601128276,1.9166666666666667,0.19605361290830922
96,1,2,random,24,8,0.38999713284615073,0.023225026969920935,2.0,0.19499856642307536
96,1,2,krylov,0,8,0.0,0.0,0.0,0.0
96,1,2,krylov,1,8,0.047904663633055886,0.024236192072996397,0.08333333333333333,0.5748559635966707
96,1,2,krylov,2,8,0.08079709951578101,0.037290226023265774,0.16666666666666666,0.4847825970946861
96,1,2,krylov,3,8,0.10662683328050729,0.045551247578678455,0.25,0.42650733312202915
96,1,2,krylov,4,8,0.13773444398593387,0.055841113998926294,0.3333333333333333,0.4132033319578016
96,1,2,krylov,5,8,0.16416626235494086,0.06252400375808932,0.4166666666666667,0.39399902965185807
96,1,2,krylov,6,8,0.18754180135101553,0.06711724085752403,0.5,0.37508360270203106
96,1,2,krylov,7,8,0.2123338002068565,0.0715153205435675,0.5833333333333334,0.36400080035461113
96,1,2,krylov,8,8,0.239367000859662,0.07664091613051276,0.6666666666666666,0.359050501289493
96,1,2,krylov,9,8,0.26645513938870785,0.08205182340752719,0.75,0.3552735191849438
96,1,2,krylov,10,8,0.2930861725333085,0.08646678884257597,0.8333333333333334,0.35170340703997016
96,1,2,krylov,11,8,0.3170478563286393,0.08946274098656136,0.9166666666666666,0.345870388722152
96,1,2,krylov,12,8,0.33750936003764415,0.09211282989137175,1.0,0.33750936003764415
96,1,2,krylov,13,8,0.3564402723217327,0.09419623646833006,1.0833333333333333,0.3290217898354456
96,1,2,krylov,14,8,0.37342012488804865,0.09586242195661038,1.1666666666666667,0.32007439276118455
96,1,2,krylov,15,8,0.3910494693603513,0.09736946160085463,1.25,0.312839575488281
96,1,2,krylov,16,8,0.4093315467648199,0.09923588701237696,1.3333333333333333,0.306998660073615
96,1,2,krylov,17,8,0.4258353343179517,0.10075257383931771,1.4166666666666667,0.3005896477538482
96,1,2,krylov,18,8,0.4404299394195832,0.10146840740168467,1.5,0.2936199596130555
96,1,2,krylov,19,8,0.4555553146003599,0.10211564570285554,1.5833333333333333,0.2877191460633852
96,1,2,krylov,20,8,0.4685122694684848,0.10265657393086078,1.6666666666666667,0.28110736168109085
96,1,2,krylov,21,8,0.4806462514786689,0.10334522604698534,1.75,0.27465500084495365
96,1,2,krylov,22,8,0.4940685296554495,0.10456120623599353,1.8333333333333333,0.2694919252666088
96,1,2,krylov,23,8,0.5072094516216973,0.10572147584298602,1.9166666666666667,0.26463101823740726
96,1,2,krylov,24,8,0.5202912595418214,0.10679388931819729,2.0,0.2601456297709107
96,1,2,reply_null,0,8,0.0,0.0,0.0,0.0
96,1,2,reply_null,1,8,0.014510067645401005,0.005450977177431292,0.08333333333333333,0.17412081174481206
96,1,2,reply_null,2,8,0.02315618024593213,0.006237257121991257,0.16666666666666666,0.1389370814755928
96,1,2,reply_null,3,8,0.03494501932183519,0.009309327040584344,0.25,0.13978007728734076
96,1,2,reply_null,4,8,0.05171565160437791,0.011401408780097228,0.3333333333333333,0.15514695481313373
96,1,2,reply_null,5,8,0.07826426221811253,0.013803205264821896,0.4166666666666667,0.18783422932347005
96,1,2,reply_null,6,8,0.09650616692153494,0.0186818985511913,0.5,0.19301233384306987
96,1,2,reply_null,7,8,0.11496738420481088,0.018440989222073476,0.5833333333333334,0.19708694435110435
96,1,2,reply_null,8,8,0.12830814426350756,0.018561861878859418,0.6666666666666666,0.19246221639526134
96,1,2,reply_null,9,8,0.14300516920813428,0.020077036810578174,0.75,0.19067355894417903
96,1,2,reply_null,10,8,0.16783284329133724,0.024259698768567994,0.8333333333333334,0.20139941194960467
96,1,2,reply_null,11,8,0.18291313317217484,0.024864194503784107,0.9166666666666666,0.19954159982419073
96,1,2,reply_null,12,8,0.1972108557994554,0.02536764848251459,1.0,0.1972108557994554
96,1,2,reply_null,13,8,0.2116594393393273,0.027157757197777566,1.0833333333333333,0.1953779440055329
96,1,2,reply_null,14,8,0.23634464676714523,0.024817795223529532,1.1666666666666667,0.20258112580041018
96,1,2,reply_null,15,8,0.2532717781298416,0.026489702972940253,1.25,0.20261742250387327
96,1,2,reply_null,16,8,0.2738701816029405,0.03018397472256844,1.3333333333333333,0.2054026362022054
96,1,2,reply_null,17,8,0.2894460540984434,0.024220146713059727,1.4166666666666667,0.20431486171654825
96,1,2,reply_null,18,8,0.3158847328637656,0.019430249198874573,1.5,0.21058982190917708
96,1,2,reply_null,19,8,0.3238944670386081,0.018348810761048558,1.5833333333333333,0.20456492655069985
96,1,2,reply_null,20,8,0.3308270195931183,0.020054172568032217,1.6666666666666667,0.19849621175587095
96,1,2,reply_null,21,8,0.3422072604862636,0.023599518046253154,1.75,0.19554700599215064
96,1,2,reply_null,22,8,0.3728240265737574,0.02133515632505581,1.8333333333333333,0.20335855994932223
96,1,2,reply_null,23,8,0.3925370115567215,0.02640798819015441,1.9166666666666667,0.20480191907307208
96,1,2,reply_null,24,8,0.399496707110908,0.02509097290140882,2.0,0.199748353555454
96,1,8,random,0,8,0.0,0.0,0.0,0.0
96,1,8,random,1,8,0.09088075643057669,0.02843258854714889,0.3333333333333333,0.2726422692917301
96,1,8,random,2,8,0.21355121501279128,0.05528634729335757,0.6666666666666666,0.3203268225191869
96,1,8,random,3,8,0.28987860177133196,0.05646135903340729,1.0,0.28987860177133196
96,1,8,random,4,8,0.35524328250624354,0.04615049558058689,1.3333333333333333,0.26643246187968267
96,1,8,random,5,8,0.4064588270495555,0.0442641100547123,1.6666666666666667,0.24387529622973328
96,1,8,random,6,8,0.49958630675681326,0.04813295144362977,2.0,0.24979315337840663
96,1,8,random,7,8,0.5262247542943739,0.05443923926101849,2.3333333333333335,0.2255248946975888
96,1,8,random,8,8,0.5773060535445264,0.04819539433161604,2.6666666666666665,0.2164897700791974
96,1,8,random,9,8,0.647844047031323,0.04615390508211533,3.0,0.21594801567710767
96,1,8,random,10,8,0.6837482623063448,0.05055298656098366,3.3333333333333335,0.20512447869190342
96,1,8,random,11,8,0.7126951903353222,0.050638985538942485,3.6666666666666665,0.194371415545997
96,1,8,random,12,8,0.7616908830707654,0.06340149161424641,4.0,0.19042272076769134
96,1,8,random,13,8,0.7833878039270945,0.06168704189107886,4.333333333333333,0.1807818009062526
96,1,8,random,14,8,0.7943854480015351,0.0641301332853639,4.666666666666667,0.17022545314318607
96,1,8,random,15,8,0.8465726146278065,0.058378878263288844,5.0,0.16931452292556132
96,1,8,random,16,8,0.8661851098687511,0.060541997850314354,5.333333333333333,0.16240970810039085
96,1,8,random,17,8,0.8990506490705854,0.05615852121078723,5.666666666666667,0.1586559968948092
96,1,8,random,18,8,0.926803580679039,0.05473471719377159,6.0,0.1544672634465065
96,1,8,random,19,8,0.9502438728851856,0.05576039710861129,6.333333333333333,0.15003850624502932
96,1,8,random,20,8,0.9885503586469507,0.04765392774257854,6.666666666666667,0.1482825537970426
96,1,8,random,21,8,0.9941346784009093,0.04909708130554542,7.0,0.14201923977155848
96,1,8,random,22,8,1.0243486177470444,0.052223040166828626,7.333333333333333,0.13968390242005152
96,1,8,random,23,8,1.0631017521966528,0.06330784002605483,7.666666666666667,0.13866544593869384
96,1,8,random,24,8,1.0866388158586588,0.06143676114015527,8.0,0.13582985198233236
96,1,8,krylov,0,8,0.0,0.0,0.0,0.0
96,1,8,krylov,1,8,0.044450072449963754,0.01714395639342351,0.3333333333333333,0.13335021734989128
96,1,8,krylov,2,8,0.08891031166731972,0.03289800804221859,0.6666666666666666,0.13336546750097958
96,1,8,krylov,3,8,0.1384906732964325,0.05169155828453653,1.0,0.1384906732964325
96,1,8,krylov,4,8,0.18472213847093055,0.06882174498748106,1.3333333333333333,0.13854160385319791
96,1,8,krylov,5,8,0.23413570998944036,0.08668898516427606,1.6666666666666667,0.1404814259936642
96,1,8,krylov,6,8,0.281126352100764,0.10225604716658283,2.0,0.140563176050382
96,1,8,krylov,7,8,0.3329311533642167,0.1195513325466872,2.3333333333333335,0.14268478001323573
96,1,8,krylov,8,8,0.38600845515758575,0.13765587247254268,2.6666666666666665,0.14475317068409466
96,1,8,krylov,9,8,0.4365082589926973,0.15333188883532792,3.0,0.14550275299756577
96,1,8,krylov,10,8,0.48908360333734513,0.16986715198396046,3.3333333333333335,0.14672508100120354
96,1,8,krylov,11,8,0.5419388453578557,0.1869824051002144,3.6666666666666665,0.14780150327941521
96,1,8,krylov,12,8,0.5917379515691318,0.2007671330600545,4.0,0.14793448789228295
96,1,8,krylov,13,8,0.6352030355526018,0.21154358919543279,4.333333333333333,0.14658531589675428
96,1,8,krylov,14,8,0.6779252894507444,0.22219715845837307,4.666666666666667,0.14526970488230237
96,1,8,krylov,15,8,0.719830992320438,0.23033928920290692,5.0,0.1439661984640876
96,1,8,krylov,16,8,0.765748506193708,0.23885009837245294,5.333333333333333,0.14357784491132028
96,1,8,krylov,17,8,0.8093112090671546,0.24468206895182987,5.666666666666667,0.14281962512949786
96,1,8,krylov,18,8,0.8526173008227718,0.24885453490851295,6.0,0.14210288347046196
96,1,8,krylov,19,8,0.8989112688020943,0.2496181774897226,6.333333333333333,0.14193335823190964
96,1,8,krylov,20,8,0.9400158587606076,0.252681027215443,6.666666666666667,0.14100237881409114
96,1,8,krylov,21,8,0.9786211986255253,0.2543665078459463,7.0,0.13980302837507505
96,1,8,krylov,22,8,1.0188370638547561,0.2559210119620265,7.333333333333333,0.13893232688928495
96,1,8,krylov,23,8,1.0574693332291445,0.25641978919437974,7.666666666666667,0.1379307825951058
96,1,8,krylov,24,8,1.0994038800050405,0.2566578725835893,8.0,0.13742548500063007
96,1,8,reply_null,0,8,0.0,0.0,0.0,0.0
96,1,8,reply_null,1,8,0.10716519341692643,0.04264334031594885,0.3333333333333333,0.3214955802507793
96,1,8,reply_null,2,8,0.2542303922848419,0.08210291094669443,0.6666666666666666,0.38134558842726285
96,1,8,reply_null,3,8,0.3385132366354048,0.06708596815396761,1.0,0.3385132366354048
96,1,8,reply_null,4,8,0.4323661657996764,0.06082415776179712,1.3333333333333333,0.32427462434975735
96,1,8,reply_null,5,8,0.4533724812802984,0.060846597264682716,1.6666666666666667,0.272023488768179
96,1,8,reply_null,6,8,0.46915888092372077,0.06426166316185147,2.0,0.23457944046186038
96,1,8,reply_null,7,8,0.5470709440082562,0.06522114360553079,2.3333333333333335,0.23445897600353835
96,1,8,reply_null,8,8,0.6171996098070938,0.07582733758290051,2.6666666666666665,0.23144985367766016
96,1,8,reply_null,9,8,0.6829049269690513,0.07334454970952108,3.0,0.2276349756563504
96,1,8,reply_null,10,8,0.7447257691046287,0.07360053874658427,3.3333333333333335,0.2234177307313886
96,1,8,reply_null,11,8,0.75274240717189,0.07255103908798614,3.6666666666666665,0.20529338377415182
96,1,8,reply_null,12,8,0.7889026273519288,0.06206059012433812,4.0,0.1972256568379822
96,1,8,reply_null,13,8,0.8396456755912098,0.05128111652316615,4.333333333333333,0.1937643866748946
96,1,8,reply_null,14,8,0.8712607548659846,0.04998746775299244,4.666666666666667,0.18669873318556812
96,1,8,reply_null,15,8,0.8871803105698259,0.05228418715773665,5.0,0.17743606211396518
96,1,8,reply_null,16,8,0.9000861561427536,0.050700810594744725,5.333333333333333,0.1687661542767663
96,1,8,reply_null,17,8,0.9100380744388017,0.04874200901948002,5.666666666666667,0.16059495431272972
96,1,8,reply_null,18,8,0.9279549107268202,0.04259382441147003,6.0,0.15465915178780337
96,1,8,reply_null,19,8,0.9462905049844011,0.03740537152778625,6.333333333333333,0.14941429026069492
96,1,8,reply_null,20,8,0.9867571125420452,0.03626425928733172,6.666666666666667,0.1480135668813068
96,1,8,reply_null,21,8,1.0012247187089505,0.03634275222514689,7.0,0.14303210267270722
96,1,8,reply_null,22,8,1.0147176303643988,0.036993379126319045,7.333333333333333,0.13837058595878166
96,1,8,reply_null,23,8,1.0308419016532475,0.03819441600141011,7.666666666666667,0.13445763934607577
96,1,8,reply_null,24,8,1.0445596686677243,0.04184954234168475,8.0,0.13056995858346554
96,1,32,random,0,8,0.0,0.0,0.0,0.0
96,1,32,random,1,8,0.11837473508942847,0.05455737991287646,1.3333333333333333,0.08878105131707136
96,1,32,random,2,8,0.2695446872337567,0.07865037148973757,2.6666666666666665,0.10107925771265876
96,1,32,random,3,8,0.38948054503951957,0.10177424601453924,4.0,0.09737013625987989
96,1,32,random,4,8,0.5526578410130494,0.10473207925564042,5.333333333333333,0.10362334518994676
96,1,32,random,5,8,0.7504504524935146,0.12844292173762814,6.666666666666667,0.11256756787402719
96,1,32,random,6,8,0.8835534635614587,0.13594164082550791,8.0,0.11044418294518234
96,1,32,random,7,8,0.9158280516462303,0.13242733492782657,9.333333333333334,0.09812443410495324
96,1,32,random,8,8,1.0105183364283818,0.14824896250023642,10.666666666666666,0.0947360940401608
96,1,32,random,9,8,1.0749872807532057,0.14895080391470505,12.0,0.08958227339610048
96,1,32,random,10,8,1.1848885661178041,0.13970870651603506,13.333333333333334,0.08886664245883531
96,1,32,random,11,8,1.26677074356867,0.14215000517103962,14.666666666666666,0.08637073251604568
96,1,32,random,12,8,1.3623776636648237,0.15400876715078704,16.0,0.08514860397905148
96,1,32,random,13,8,1.5497874724957916,0.1022946396793685,17.333333333333332,0.08941081572091106
96,1,32,random,14,8,1.599636531080284,0.10054607783182078,18.666666666666668,0.0856948141650152
96,1,32,random,15,8,1.646652050762516,0.10675826279325627,20.0,0.0823326025381258
96,1,32,random,16,8,1.6778318464377955,0.10347692130538647,21.333333333333332,0.07864836780177167
96,1,32,random,17,8,1.7342374236330822,0.10772152847728811,22.666666666666668,0.07651047457204774
96,1,32,random,18,8,1.7867460523923118,0.11454448405534409,24.0,0.07444775218301299
96,1,32,random,19,8,1.8685687665712534,0.11937843491893481,25.333333333333332,0.07375929341728632
96,1,32,random,20,8,1.9250260536724657,0.10576831201492151,26.666666666666668,0.07218847701271747
96,1,32,random,21,8,1.9668636861673177,0.1072737246521072,28.0,0.07024513164883277
96,1,32,random,22,8,2.010073025854027,0.10753830125907625,29.333333333333332,0.0685252167904782
96,1,32,random,23,8,2.0423916094756316,0.09752293605785634,30.666666666666668,0.06659972639594451
96,1,32,random,24,8,2.0725585376281517,0.09799271863890842,32.0,0.06476745430087974
96,1,32,krylov,0,8,0.0,0.0,0.0,0.0
96,1,32,krylov,1,8,0.19747543977173043,0.06943745451780914,1.3333333333333333,0.14810657982879782
96,1,32,krylov,2,8,0.4088739253246665,0.1417731256103031,2.6666666666666665,0.15332772199674993
96,1,32,krylov,3,8,0.5937856017964673,0.2025711880918895,4.0,0.14844640044911683
96,1,32,krylov,4,8,0.7479732058913245,0.24777897174711289,5.333333333333333,0.14024497610462336
96,1,32,krylov,5,8,0.9094468727852603,0.2881845413267617,6.666666666666667,0.13641703091778903
96,1,32,krylov,6,8,1.067198384023413,0.32564155421578017,8.0,0.13339979800292662
96,1,32,krylov,7,8,1.210080559361861,0.3585719918009969,9.333333333333334,0.12965148850305655
96,1,32,krylov,8,8,1.3372753740952097,0.3864863235647388,10.666666666666666,0.12536956632142593
96,1,32,krylov,9,8,1.4498841362986021,0.40648033286453367,12.0,0.12082367802488352
96,1,32,krylov,10,8,1.5857653517775288,0.43007080527895214,13.333333333333334,0.11893240138331465
96,1,32,krylov,11,8,1.718444497058782,0.4488845725747103,14.666666666666666,0.11716667025400787
96,1,32,krylov,12,8,1.8466111385551407,0.46307538066974924,16.0,0.1154131961596963
96,1,32,krylov,13,8,1.9721291636273044,0.47121682044675944,17.333333333333332,0.11377668251695988
96,1,32,krylov,14,8,2.0923415317096916,0.473905649812751,18.666666666666668,0.11208972491301919
96,1,32,krylov,15,8,2.2128487583138314,0.4740335355555099,20.0,0.11064243791569157
96,1,32,krylov,16,8,2.317895461194981,0.4717915211058477,21.333333333333332,0.10865134974351473
96,1,32,krylov,17,8,2.416151067901568,0.4669382977858448,22.666666666666668,0.10659490005448094
96,1,32,krylov,18,8,2.4982665422234325,0.45970270212487063,24.0,0.10409443925930968
96,1,32,krylov,19,8,2.5828108826225384,0.45134545296264666,25.333333333333332,0.10195306115615284
96,1,32,krylov,20,8,2.672873325193117,0.4372048724431783,26.666666666666668,0.10023274969474189
96,1,32,krylov,21,8,2.7492883194352586,0.42522690303828564,28.0,0.09818886855125923
96,1,32,krylov,22,8,2.8239754294198214,0.41580024552816314,29.333333333333332,0.0962718896393121
96,1,32,krylov,23,8,2.885352130253598,0.40927914008564437,30.666666666666668,0.09408756946479123
96,1,32,krylov,24,8,2.935507092866689,0.4038289426655699,32.0,0.09173459665208403
96,1,32,reply_null,0,8,0.0,0.0,0.0,0.0
96,1,32,reply_null,1,8,0.11797152923425484,0.05241271772753073,1.3333333333333333,0.08847864692569114
96,1,32,reply_null,2,8,0.3599527926155528,0.10436250720435429,2.6666666666666665,0.1349822972308323
96,1,32,reply_null,3,8,0.6544322082947436,0.16430875524933436,4.0,0.1636080520736859
96,1,32,reply_null,4,8,0.8146437668956654,0.14696021197975712,5.333333333333333,0.15274570629293727
96,1,32,reply_null,5,8,0.9180090037898883,0.14847621172647835,6.666666666666667,0.13770135056848323
96,1,32,reply_null,6,8,1.0660315440275094,0.10503363625534663,8.0,0.13325394300343868
96,1,32,reply_null,7,8,1.2027959163136064,0.10180088078292578,9.333333333333334,0.12887099103360067
96,1,32,reply_null,8,8,1.3002648000654777,0.10089452317927265,10.666666666666666,0.12189982500613854
96,1,32,reply_null,9,8,1.385892637728815,0.09270092706586767,12.0,0.11549105314406792
96,1,32,reply_null,10,8,1.4174368336551826,0.08668132949162702,13.333333333333334,0.10630776252413869
96,1,32,reply_null,11,8,1.453523584386366,0.08199307038759972,14.666666666666666,0.09910388075361587
96,1,32,reply_null,12,8,1.491948900539821,0.08340841711376469,16.0,0.09324680628373881
96,1,32,reply_null,13,8,1.548669087472601,0.09068728266968731,17.333333333333332,0.08934629350803468
96,1,32,reply_null,14,8,1.607832476426922,0.08785836334431299,18.666666666666668,0.08613388266572797
96,1,32,reply_null,15,8,1.695099372377213,0.08249955710972934,20.0,0.08475496861886064
96,1,32,reply_null,16,8,1.7465522155531796,0.08555825628296136,21.333333333333332,0.0818696351040553
96,1,32,reply_null,17,8,1.8080024493100422,0.0880962652811688,22.666666666666668,0.07976481394014892
96,1,32,reply_null,18,8,1.8316196121846697,0.0857877569324227,24.0,0.0763174838410279
96,1,32,reply_null,19,8,1.8806393816877844,0.0829247192482132,25.333333333333332,0.07423576506662308
96,1,32,reply_null,20,8,1.951576380085622,0.05869363282891949,26.666666666666668,0.07318411425321082
96,1,32,reply_null,21,8,1.990447013621697,0.06677113164803629,28.0,0.07108739334363204
96,1,32,reply_null,22,8,2.0197816441355694,0.06473201712386763,29.333333333333332,0.06885619241371259
96,1,32,reply_null,23,8,2.0773581445399496,0.05982517499139864,30.666666666666668,0.06773993949586792
96,1,32,reply_null,24,8,2.1366547576581985,0.05798319317722458,32.0,0.0667704611768187
96,3,2,random,0,8,0.0,0.0,0.0,0.0
96,3,2,random,1,8,0.02746857625097416,0.003919516429263524,0.08333333333333333,0.32962291501168994
96,3,2,random,2,8,0.03818276111929629,0.005069532189689875,0.16666666666666666,0.22909656671577774
96,3,2,random,3,8,0.06902956590002773,0.009753827108788348,0.25,0.27611826360011094
96,3,2,random,4,8,0.08888853462064647,0.011030680199978223,0.3333333333333333,0.26666560386193944
96,3,2,random,5,8,0.13104774934845304,0.014503184828365217,0.4166666666666667,0.31451459843628726
96,3,2,random,6,8,0.15310631647957154,0.017885884651569584,0.5,0.3062126329591431
96,3,2,random,7,8,0.17786542900172814,0.015620744601519753,0.5833333333333334,0.3049121640029625
96,3,2,random,8,8,0.19915553114152998,0.019123530134748674,0.6666666666666666,0.298733296712295
96,3,2,random,9,8,0.21315190835865327,0.020099321007588117,0.75,0.28420254447820437
96,3,2,random,10,8,0.22217866155454408,0.020157253679413508,0.8333333333333334,0.2666143938654529
96,3,2,random,11,8,0.24157767533472713,0.018482672011073065,0.9166666666666666,0.2635392821833387
96,3,2,random,12,8,0.2581060655516488,0.018822650144433073,1.0,0.2581060655516488
96,3,2,random,13,8,0.2727680886506284,0.018423692427256385,1.0833333333333333,0.25178592798519545
96,3,2,random,14,8,0.30023657133172965,0.0168896595429946,1.1666666666666667,0.257345632570054
96,3,2,random,15,8,0.31830879494276804,0.014538772723387976,1.25,0.25464703595421445
96,3,2,random,16,8,0.333418689347669,0.014231251970641859,1.3333333333333333,0.25006401701075176
96,3,2,random,17,8,0.34414299078467503,0.014619125106917529,1.4166666666666667,0.2429244640833
96,3,2,random,18,8,0.3574333868459058,0.014602514045197445,1.5,0.23828892456393722
96,3,2,random,19,8,0.38824650111705766,0.012846682754721877,1.5833333333333333,0.24520831649498379
96,3,2,random,20,8,0.4056255148622853,0.01454593954719268,1.6666666666666667,0.2433753089173712
96,3,2,random,21,8,0.4143966992911077,0.014952577604530864,1.75,0.23679811388063296
96,3,2,random,22,8,0.43037321424840647,0.01389555744962823,1.8333333333333333,0.23474902595367628
96,3,2,random,23,8,0.4478157993459215,0.01711998783694345,1.9166666666666667,0.23364302574569815
96,3,2,random,24,8,0.46542910009502575,0.016708332460160017,2.0,0.23271455004751287
96,3,2,krylov,0,8,0.0,0.0,0.0,0.0
96,3,2,krylov,1,8,0.029348912371063268,0.007146390483094904,0.08333333333333333,0.3521869484527592
96,3,2,krylov,2,8,0.056026819526420676,0.013113614776628927,0.16666666666666666,0.3361609171585241
96,3,2,krylov,3,8,0.08320102208292587,0.01990038552808324,0.25,0.3328040883317035
96,3,2,krylov,4,8,0.10854527413572093,0.02576319077875674,0.3333333333333333,0.3256358224071628
96,3,2,krylov,5,8,0.13094034131505755,0.029867158048461195,0.4166666666666667,0.3142568191561381
96,3,2,krylov,6,8,0.15253101452121154,0.033076498280065175,0.5,0.3050620290424231
96,3,2,krylov,7,8,0.17493691353717475,0.03620119856060112,0.5833333333333334,0.29989185177801386
96,3,2,krylov,8,8,0.19655474516126678,0.03820111064876587,0.6666666666666666,0.2948321177419002
96,3,2,krylov,9,8,0.21537426802508514,0.040227158038956455,0.75,0.2871656907001135
96,3,2,krylov,10,8,0.23145348488808787,0.0418097672838237,0.8333333333333334,0.27774418186570543
96,3,2,krylov,11,8,0.24798869496841036,0.043337943065516686,0.9166666666666666,0.2705331217837204
96,3,2,krylov,12,8,0.2630197785460092,0.044467726962920257,1.0,0.2630197785460092
96,3,2,krylov,13,8,0.2773103561180188,0.045730546238822764,1.0833333333333333,0.2559787902627866
96,3,2,krylov,14,8,0.2910212244462612,0.04679057157303018,1.1666666666666667,0.24944676381108102
96,3,2,krylov,15,8,0.30401053448826265,0.04758815842902282,1.25,0.24320842759061012
96,3,2,krylov,16,8,0.3152043082176165,0.048042163998254325,1.3333333333333333,0.2364032311632124
96,3,2,krylov,17,8,0.3245313527887054,0.04851415377399019,1.4166666666666667,0.22908095490967437
96,3,2,krylov,18,8,0.33333727435199295,0.048839789258631916,1.5,0.2222248495679953
96,3,2,krylov,19,8,0.3413286213729967,0.04898515566206558,1.5833333333333333,0.2155759713934716
96,3,2,krylov,20,8,0.3476673821763455,0.04887338772479866,1.6666666666666667,0.2086004293058073
96,3,2,krylov,21,8,0.35408467130310695,0.04868565865149136,1.75,0.20233409788748968
96,3,2,krylov,22,8,0.35992865588859363,0.04833118172201272,1.8333333333333333,0.19632472139377835
96,3,2,krylov,23,8,0.3653948842630166,0.04808992848100736,1.9166666666666667,0.1906408091807043
96,3,2,krylov,24,8,0.3709883192475565,0.047691604958067686,2.0,0.18549415962377824
96,3,2,reply_null,0,8,0.0,0.0,0.0,0.0
96,3,2,reply_null,1,8,0.01698860923470753,0.0062713603833638555,0.08333333333333333,0.20386331081649037
96,3,2,reply_null,2,8,0.039245917897370045,0.00820895858357973,0.16666666666666666,0.23547550738422027
96,3,2,reply_null,3,8,0.054051898734226195,0.009892776495072657,0.25,0.21620759493690478
96,3,2,reply_null,4,8,0.07479962046902643,0.006477449212724771,0.3333333333333333,0.2243988614070793
96,3,2,reply_null,5,8,0.09131783497641972,0.007435839145753577,0.4166666666666667,0.2191628039434073
96,3,2,reply_null,6,8,0.10842104349566602,0.011256598212167302,0.5,0.21684208699133203
96,3,2,reply_null,7,8,0.1327136120058476,0.01275577049797664,0.5833333333333334,0.2275090491528816
96,3,2,reply_null,8,8,0.14831442368579517,0.010996077634080953,0.6666666666666666,0.22247163552869276
96,3,2,reply_null,9,8,0.1635316520610307,0.011434351204704858,0.75,0.21804220274804095
96,3,2,reply_null,10,8,0.1815209121699984,0.00977314013362551,0.8333333333333334,0.21782509460399807
96,3,2,reply_null,11,8,0.19363584745683582,0.009431626552701444,0.9166666666666666,0.2112391063165482
96,3,2,reply_null,12,8,0.21673214331331583,0.013519387928512809,1.0,0.21673214331331583
96,3,2,reply_null,13,8,0.2364409116276521,0.01125765475701186,1.0833333333333333,0.2182531491947558
96,3,2,reply_null,14,8,0.25505785863496944,0.011369864129003853,1.1666666666666667,0.21862102168711664
96,3,2,reply_null,15,8,0.2756745498250215,0.009224675177582627,1.25,0.22053963986001718
96,3,2,reply_null,16,8,0.2890450452473226,0.008511389929177037,1.3333333333333333,0.21678378393549197
96,3,2,reply_null,17,8,0.31011976105458694,0.010161164960844663,1.4166666666666667,0.21890806662676723
96,3,2,reply_null,18,8,0.3168637761923216,0.01071198859060706,1.5,0.21124251746154774
96,3,2,reply_null,19,8,0.350259449522515,0.01349085734112054,1.5833333333333333,0.22121649443527264
96,3,2,reply_null,20,8,0.3681678479229027,0.010729723095307736,1.6666666666666667,0.2209007087537416
96,3,2,reply_null,21,8,0.3897589047229759,0.013749944036164268,1.75,0.2227193741274148
96,3,2,reply_null,22,8,0.3997646877745021,0.012442041098317425,1.8333333333333333,0.2180534660588193
96,3,2,reply_null,23,8,0.413754754064231,0.013812291921688806,1.9166666666666667,0.21587204559872922
96,3,2,reply_null,24,8,0.4369718493727624,0.010155182455255696,2.0,0.2184859246863812
96,3,8,random,0,8,0.0,0.0,0.0,0.0
96,3,8,random,1,8,0.09877297988458594,0.02043322123241524,0.3333333333333333,0.29631893965375783
96,3,8,random,2,8,0.2233171138755737,0.04441862077005202,0.6666666666666666,0.3349756708133606
96,3,8,random,3,8,0.2754588767655373,0.041866558818966886,1.0,0.2754588767655373
96,3,8,random,4,8,0.3245216514333543,0.03624794018948157,1.3333333333333333,0.24339123857501574
96,3,8,random,5,8,0.39145104874633674,0.03753097049940982,1.6666666666666667,0.23487062924780203
96,3,8,random,6,8,0.4675307335595924,0.030999838094691912,2.0,0.2337653667797962
96,3,8,random,7,8,0.5289724798644806,0.038237599240185126,2.3333333333333335,0.22670249137049167
96,3,8,random,8,8,0.6049898159610816,0.03713711565159933,2.6666666666666665,0.2268711809854056
96,3,8,random,9,8,0.6491965772401553,0.04130253808738153,3.0,0.21639885908005177
96,3,8,random,10,8,0.7084056846326021,0.03500763836507968,3.3333333333333335,0.21252170538978063
96,3,8,random,11,8,0.7670406787241663,0.03692756695272732,3.6666666666666665,0.20919291237931809
96,3,8,random,12,8,0.8150432717822359,0.031141090359435002,4.0,0.20376081794555898
96,3,8,random,13,8,0.8610509547661385,0.033783379033075704,4.333333333333333,0.1987040664844935
96,3,8,random,14,8,0.9207006597367293,0.029352664266976258,4.666666666666667,0.19729299851501342
96,3,8,random,15,8,0.953968634367297,0.030050546069916934,5.0,0.19079372687345938
96,3,8,random,16,8,1.0033111000808352,0.03156631670905798,5.333333333333333,0.1881208312651566
96,3,8,random,17,8,1.072574816692464,0.0415776636738655,5.666666666666667,0.18927790882808188
96,3,8,random,18,8,1.1315045471556686,0.04324187094227241,6.0,0.18858409119261144
96,3,8,random,19,8,1.1988208234590583,0.03280743170379796,6.333333333333333,0.18928749844090395
96,3,8,random,20,8,1.2411748954504302,0.029724604072292316,6.666666666666667,0.18617623431756453
96,3,8,random,21,8,1.2928781008209538,0.02941169991467766,7.0,0.18469687154585054
96,3,8,random,22,8,1.344082911063876,0.027625676398231762,7.333333333333333,0.18328403332689217
96,3,8,random,23,8,1.4014894816407524,0.02436755874035922,7.666666666666667,0.18280297586618507
96,3,8,random,24,8,1.4525329984703634,0.01698676876374364,8.0,0.18156662480879543
96,3,8,krylov,0,8,0.0,0.0,0.0,0.0
96,3,8,krylov,1,8,0.07382591173846823,0.018659242288549913,0.3333333333333333,0.22147773521540468
96,3,8,krylov,2,8,0.15236237146854625,0.039607399375380915,0.6666666666666666,0.22854355720281938
96,3,8,krylov,3,8,0.23462645457674464,0.06337398840918644,1.0,0.23462645457674464
96,3,8,krylov,4,8,0.3029659780276709,0.08045609585836228,1.3333333333333333,0.22722448352075317
96,3,8,krylov,5,8,0.372515293075631,0.09490457896403731,1.6666666666666667,0.2235091758453786
96,3,8,krylov,6,8,0.44291942028942155,0.10653615353081933,2.0,0.22145971014471078
96,3,8,krylov,7,8,0.5059681146748538,0.11631985387057574,2.3333333333333335,0.21684347771779447
96,3,8,krylov,8,8,0.5586505538680467,0.12400316373381638,2.6666666666666665,0.20949395770051754
96,3,8,krylov,9,8,0.6107797395174743,0.13157050034354423,3.0,0.20359324650582478
96,3,8,krylov,10,8,0.6539797122881466,0.13614914559822894,3.3333333333333335,0.19619391368644395
96,3,8,krylov,11,8,0.6938575024505504,0.13987717205348354,3.6666666666666665,0.18923386430469558
96,3,8,krylov,12,8,0.7310963649030853,0.1416680844987561,4.0,0.18277409122577132
96,3,8,krylov,13,8,0.7627555201999052,0.1427045527001685,4.333333333333333,0.1760205046615166
96,3,8,krylov,14,8,0.7969521203546894,0.14310857967477855,4.666666666666667,0.17077545436171915
96,3,8,krylov,15,8,0.8273597432875404,0.14317163326742605,5.0,0.16547194865750808
96,3,8,krylov,16,8,0.8550441137629665,0.14204943082541804,5.333333333333333,0.16032077133055622
96,3,8,krylov,17,8,0.8864373647089139,0.13967503036872514,5.666666666666667,0.15643012318392596
96,3,8,krylov,18,8,0.9197389313316381,0.13555860046147283,6.0,0.15328982188860635
96,3,8,krylov,19,8,0.954780178200407,0.13170977454195415,6.333333333333333,0.15075476497901164
96,3,8,krylov,20,8,0.9853153577558933,0.1288376762004862,6.666666666666667,0.14779730366338398
96,3,8,krylov,21,8,1.0080269020663457,0.12723936397024874,7.0,0.1440038431523351
96,3,8,krylov,22,8,1.0281628153016182,0.12511355448613048,7.333333333333333,0.14020402026840248
96,3,8,krylov,23,8,1.0466208635541636,0.12240362869060473,7.666666666666667,0.13651576481141264
96,3,8,krylov,24,8,1.0625387552877472,0.1198719173325498,8.0,0.1328173444109684
96,3,8,reply_null,0,8,0.0,0.0,0.0,0.0
96,3,8,reply_null,1,8,0.0985608668604986,0.028284654814376673,0.3333333333333333,0.2956826005814958
96,3,8,reply_null,2,8,0.1693604273052634,0.04303934658812305,0.6666666666666666,0.25404064095789514
96,3,8,reply_null,3,8,0.23785513326591212,0.03368734940128794,1.0,0.23785513326591212
96,3,8,reply_null,4,8,0.3295814266747998,0.030082830837709736,1.3333333333333333,0.24718607000609985
96,3,8,reply_null,5,8,0.3956488438474243,0.03414549208720095,1.6666666666666667,0.2373893063084546
96,3,8,reply_null,6,8,0.5039146358207297,0.03008535122548171,2.0,0.25195731791036485
96,3,8,reply_null,7,8,0.5348488715231761,0.028808607301532795,2.3333333333333335,0.229220944938504
96,3,8,reply_null,8,8,0.6224632922075832,0.02884413880647565,2.6666666666666665,0.2334237345778437
96,3,8,reply_null,9,8,0.6901842690850781,0.034548117311625444,3.0,0.23006142302835939
96,3,8,reply_null,10,8,0.7718422503075795,0.042339071883432625,3.3333333333333335,0.23155267509227384
96,3,8,reply_null,11,8,0.8345869582284627,0.06078130008258325,3.6666666666666665,0.22761462497139895
96,3,8,reply_null,12,8,0.8902039110823581,0.055275213160639255,4.0,0.22255097777058952
96,3,8,reply_null,13,8,0.9612241036407503,0.051125898073149226,4.333333333333333,0.2218209469940193
96,3,8,reply_null,14,8,1.0205956342645421,0.04231242285498207,4.666666666666667,0.21869906448525903
96,3,8,reply_null,15,8,1.0578702051157916,0.04128301152962037,5.0,0.2115740410231583
96,3,8,reply_null,16,8,1.1317655229812438,0.04734612567648077,5.333333333333333,0.2122060355589832
96,3,8,reply_null,17,8,1.1705854386525734,0.050089913850722145,5.666666666666667,0.2065739009386894
96,3,8,reply_null,18,8,1.2316546843772533,0.047518134508456156,6.0,0.20527578072954222
96,3,8,reply_null,19,8,1.2777964986134465,0.04609146623436614,6.333333333333333,0.20175734188633365
96,3,8,reply_null,20,8,1.3220028821504484,0.04426533872329742,6.666666666666667,0.19830043232256725
96,3,8,reply_null,21,8,1.3761520285302948,0.05009180629161059,7.0,0.19659314693289925
96,3,8,reply_null,22,8,1.4104932299886954,0.05569697665780345,7.333333333333333,0.1923399859075494
96,3,8,reply_null,23,8,1.433411210502035,0.058679664895744804,7.666666666666667,0.1869666796307002
96,3,8,reply_null,24,8,1.4995972684809307,0.06048266849917953,8.0,0.18744965856011633
96,3,32,random,0,8,0.0,0.0,0.0,0.0
96,3,32,random,1,8,0.2906211756965722,0.0658340976828898,1.3333333333333333,0.21796588177242915
96,3,32,random,2,8,0.5203298820511848,0.07991504500789168,2.6666666666666665,0.1951237057691943
96,3,32,random,3,8,0.7051998079781032,0.11249295157394666,4.0,0.1762999519945258
96,3,32,random,4,8,0.9994198727517861,0.0753526925370097,5.333333333333333,0.1873912261409599
96,3,32,random,5,8,1.2710014080859604,0.09368030193689453,6.666666666666667,0.19065021121289405
96,3,32,random,6,8,1.4440845692737787,0.08814684218456041,8.0,0.18051057115922234
96,3,32,random,7,8,1.7052182110482483,0.088458643422917,9.333333333333334,0.18270195118374088
96,3,32,random,8,8,1.922555354129421,0.11584657718879562,10.666666666666666,0.1802395644496332
96,3,32,random,9,8,2.1468920231689554,0.15389968304645704,12.0,0.17890766859741294
96,3,32,random,10,8,2.3417411061348736,0.09021865372644512,13.333333333333334,0.17563058296011552
96,3,32,random,11,8,2.494949159533344,0.10984095482267253,14.666666666666666,0.17011016996818254
96,3,32,random,12,8,2.6114077494163865,0.11955716005484526,16.0,0.16321298433852416
96,3,32,random,13,8,2.802749888186482,0.1033320309560714,17.333333333333332,0.16169710893383551
96,3,32,random,14,8,2.990828339890696,0.10494366512588428,18.666666666666668,0.1602229467798587
96,3,32,random,15,8,3.115314386307561,0.08133703612427724,20.0,0.15576571931537805
96,3,32,random,16,8,3.2203818456709796,0.0964874431608385,21.333333333333332,0.1509553990158272
96,3,32,random,17,8,3.332209386482444,0.06639405596296581,22.666666666666668,0.14700923763893134
96,3,32,random,18,8,3.4334445374964955,0.06537454198919464,24.0,0.143060189062354
96,3,32,random,19,8,3.5182806946038334,0.07988004931852664,25.333333333333332,0.1388795011027829
96,3,32,random,20,8,3.635500200816719,0.09448776253916495,26.666666666666668,0.13633125753062697
96,3,32,random,21,8,3.739958157055691,0.09702867565937079,28.0,0.13356993418056037
96,3,32,random,22,8,3.8425304904934805,0.08615677312268821,29.333333333333332,0.13099535763045958
96,3,32,random,23,8,3.9258597841032303,0.09430946363667245,30.666666666666668,0.1280171668729314
96,3,32,random,24,8,4.024910976900089,0.09402562030738688,32.0,0.12577846802812778
96,3,32,krylov,0,8,0.0,0.0,0.0,0.0
96,3,32,krylov,1,8,0.239093136780712,0.07735906116456742,1.3333333333333333,0.179319852585534
96,3,32,krylov,2,8,0.45031166313397,0.12463769084109391,2.6666666666666665,0.16886687367523875
96,3,32,krylov,3,8,0.6422702048269171,0.15055721487424492,4.0,0.16056755120672928
96,3,32,krylov,4,8,0.8340452494397685,0.16102814190416817,5.333333333333333,0.1563834842699566
96,3,32,krylov,5,8,1.0160648151686271,0.16934822712446104,6.666666666666667,0.15240972227529406
96,3,32,krylov,6,8,1.1995639204726989,0.1692900636280973,8.0,0.14994549005908736
96,3,32,krylov,7,8,1.3818397626933188,0.16211719601193117,9.333333333333334,0.14805426028856986
96,3,32,krylov,8,8,1.5453191679596343,0.15688470576380797,10.666666666666666,0.14487367199621573
96,3,32,krylov,9,8,1.7012188325663904,0.14710993153721463,12.0,0.1417682360471992
96,3,32,krylov,10,8,1.8349048691134349,0.13513658450275506,13.333333333333334,0.1376178651835076
96,3,32,krylov,11,8,1.9593702417375778,0.12151102330691521,14.666666666666666,0.13359342557301668
96,3,32,krylov,12,8,2.0577605237051984,0.10825856158764142,16.0,0.1286100327315749
96,3,32,krylov,13,8,2.1430775080932873,0.09140370838525289,17.333333333333332,0.12363908700538197
96,3,32,krylov,14,8,2.2168571226184586,0.07464508731693924,18.666666666666668,0.11876020299741742
96,3,32,krylov,15,8,2.272285735064471,0.06203605625151315,20.0,0.11361428675322356
96,3,32,krylov,16,8,2.31475791368665,0.05306292772750184,21.333333333333332,0.10850427720406172
96,3,32,krylov,17,8,2.349797278183691,0.04197439381562428,22.666666666666668,0.10366752697869223
96,3,32,krylov,18,8,2.3812421749863155,0.030522826772024513,24.0,0.09921842395776315
96,3,32,krylov,19,8,2.40364156562331,0.021132415985527148,25.333333333333332,0.0948805881167096
96,3,32,krylov,20,8,2.419440655819053,0.015227925593638397,26.666666666666668,0.09072902459321448
96,3,32,krylov,21,8,2.4310756447777733,0.010315807384273953,28.0,0.08682413017063476
96,3,32,krylov,22,8,2.439335775903518,0.00701120149018037,29.333333333333332,0.08315917417852903
96,3,32,krylov,23,8,2.4450035480204786,0.004698928668292057,30.666666666666668,0.07972837656588516
96,3,32,krylov,24,8,2.448974520464497,0.003077402080951256,32.0,0.07653045376451553
96,3,32,reply_null,0,8,0.0,0.0,0.0,0.0
96,3,32,reply_null,1,8,0.19740151330424752,0.060075350095155314,1.3333333333333333,0.14805113497818564
96,3,32,reply_null,2,8,0.4305017086584848,0.07834174875323276,2.6666666666666665,0.1614381407469318
96,3,32,reply_null,3,8,0.639282134696435,0.07233268432911585,4.0,0.15982053367410876
96,3,32,reply_null,4,8,0.9163791235300718,0.12122490442948865,5.333333333333333,0.17182108566188847
96,3,32,reply_null,5,8,1.0835911780861562,0.1355405325675945,6.666666666666667,0.16253867671292344
96,3,32,reply_null,6,8,1.2710147576731807,0.13217042819300212,8.0,0.1588768447091476
96,3,32,reply_null,7,8,1.3695295615419019,0.1319066688335281,9.333333333333334,0.14673531016520378
96,3,32,reply_null,8,8,1.6332558772321408,0.1555442002599997,10.666666666666666,0.15311773849051322
96,3,32,reply_null,9,8,1.789358621340932,0.17796706251874714,12.0,0.14911321844507766
96,3,32,reply_null,10,8,1.8962655123445171,0.16491920718058686,13.333333333333334,0.14221991342583878
96,3,32,reply_null,11,8,2.0218950532720927,0.17195169485358772,14.666666666666666,0.13785648090491542
96,3,32,reply_null,12,8,2.2221184413556445,0.17878272636525253,16.0,0.13888240258472778
96,3,32,reply_null,13,8,2.4144344642602062,0.18170129268927454,17.333333333333332,0.13929429601501192
96,3,32,reply_null,14,8,2.5908705702724975,0.17938994637362413,18.666666666666668,0.1387966376931695
96,3,32,reply_null,15,8,2.672325779485721,0.18133352146317946,20.0,0.13361628897428607
96,3,32,reply_null,16,8,2.824789892577698,0.17168682125403406,21.333333333333332,0.1324120262145796
96,3,32,reply_null,17,8,2.994681878095438,0.14915038126910168,22.666666666666668,0.13211831815126931
96,3,32,reply_null,18,8,3.1642403220262914,0.12092675030705695,24.0,0.13184334675109546
96,3,32,reply_null,19,8,3.3341439008261498,0.11943316655509319,25.333333333333332,0.1316109434536638
96,3,32,reply_null,20,8,3.3953507392081947,0.12270611538848614,26.666666666666668,0.1273256527203073
96,3,32,reply_null,21,8,3.528748143902326,0.11151242582855797,28.0,0.12602671942508306
96,3,32,reply_null,22,8,3.6076254899583784,0.12332386278170412,29.333333333333332,0.12298723261221745
96,3,32,reply_null,23,8,3.706125186545904,0.13764186117047394,30.666666666666668,0.12085190825693165
96,3,32,reply_null,24,8,3.7889759414488804,0.1361383978492283,32.0,0.11840549817027751
