case,trial,warm_ratio,final_ratio,surrogate_ratio,queries,exceeds_requested_factor
rank_one_distractors,0,4.097002807073335,1.0,1.4179991501197018,27,False
rank_one_distractors,1,4.109912240561439,1.0,1.2771039182383903,27,False
rank_one_distractors,2,4.124185573837454,1.0,1.333246011993076,27,False
rank_one_distractors,3,4.145648618046851,1.0,1.3297266797573255,27,False
rank_one_distractors,4,4.087392059894564,1.0,1.3613606136614766,27,False
rank_one_distractors,5,4.139936042176112,1.0,1.2384385001970297,27,False
rank_one_distractors,6,4.102660588124563,1.0,1.5284294640633034,27,False
rank_one_distractors,7,4.110422730962543,1.0,1.5092397162434297,27,False
rank_one_distractors,8,4.137571949306809,1.0,1.3461559745860767,27,False
rank_one_distractors,9,4.117103021206497,1.0,1.504692263324214,27,False
rank_one_distractors,10,4.139672309939781,1.0,1.3532220739363112,27,False
rank_one_distractors,11,4.10880801345967,1.0,1.2427188870511885,27,False
rank_one_distractors,12,4.13645290340761,1.0,1.3262264682363367,27,False
rank_one_distractors,13,4.125375243981457,1.0,1.3951732686865876,27,False
rank_one_distractors,14,4.116600170592272,1.0,1.500447048969928,27,False
rank_one_distractors,15,4.145141865835509,1.0,1.2100414203848098,27,False
rank_one_distractors,16,4.106578840769038,1.0,1.6572763448142127,27,False
rank_one_distractors,17,4.128091923519889,1.0,1.2875020271806414,27,False
rank_one_distractors,18,4.128126880778495,1.0,1.4854665361128858,27,False
rank_one_distractors,19,4.137796988479691,1.0,1.3865655476578296,27,False
rank_one_distractors,20,1.0,1.0,1.3139266140687058,27,False
rank_one_distractors,21,1.0,1.0,1.308624372454428,27,False
rank_one_distractors,22,4.117566009399066,1.0,1.2764784437183236,27,False
rank_one_distractors,23,4.10964999364286,1.0,1.423763921514923,27,False
rank_one_distractors,24,4.104277187358973,1.0,1.337557591909127,27,False
rank_one_distractors,25,4.113277662411369,1.0,1.557786528222336,27,False
rank_one_distractors,26,4.137571949306809,1.0,1.355091074629227,27,False
rank_one_distractors,27,4.132621122734544,1.0,1.3580961594385563,27,False
rank_one_distractors,28,4.124625779128229,1.0,1.423711538719708,27,False
rank_one_distractors,29,4.098308703687238,1.0,1.2364304540247053,27,False
rank_one_distractors,30,4.129771938985706,1.0,1.2837183046425875,27,False
rank_one_distractors,31,4.1018702637775615,1.0,1.2300443733447814,27,False
rank_one_distractors,32,4.124652818724653,1.0,1.227729403731786,27,False
rank_one_distractors,33,4.112405300765578,1.0,1.3326332935134733,27,False
rank_one_distractors,34,4.104277187358973,1.0,1.2416416968160688,27,False
rank_one_distractors,35,4.133736682554194,1.0,1.292766977145687,27,False
rank_one_distractors,36,4.13645290340761,1.0,1.2750454633920218,27,False
rank_one_distractors,37,4.139408323788655,1.0,1.2158322628623697,27,False
rank_one_distractors,38,4.132251643890626,1.0,1.353493193251693,27,False
rank_one_distractors,39,4.116600170592272,1.0,1.336422362916652,27,False
rank_one_distractors,40,4.139672309939781,1.0,1.2303370450429294,27,False
rank_one_distractors,41,4.105414511550925,1.0,1.5081176292271712,27,False
rank_one_distractors,42,4.10964999364286,1.0,1.2095755341289727,27,False
rank_one_distractors,43,4.111516966587589,1.0,1.2153211319358435,27,False
rank_one_distractors,44,4.117197350603347,1.0,1.4152929959817286,27,False
rank_one_distractors,45,4.111941762498847,1.0,1.3178387520347643,27,False
rank_one_distractors,46,4.108275291264167,1.0,1.1753907638163261,27,False
rank_one_distractors,47,4.109912240561439,1.0,1.2969551288309258,27,False
rank_one_distractors,48,4.118589960186446,1.0,1.2745817232430554,27,False
rank_one_distractors,49,4.129156012189551,1.0,1.4703989167036433,27,False
rank_one_distractors,50,4.133971131739549,1.0,1.2406489305498867,27,False
rank_one_distractors,51,4.132621122734544,1.0,1.3034668569010415,27,False
rank_one_distractors,52,4.111941762498847,1.0,1.3462744940949163,27,False
rank_one_distractors,53,4.102660588124563,1.0,1.4607559507251449,27,False
rank_one_distractors,54,4.105273057100752,1.0,1.3541003132898835,27,False
rank_one_distractors,55,4.116621459466084,1.0,1.341149861192078,27,False
rank_one_distractors,56,4.125463195864943,1.0,1.3406044598994993,27,False
rank_one_distractors,57,4.128556416355411,1.0,1.388544594748059,27,False
rank_one_distractors,58,4.125375243981457,1.0,1.3075990813471627,27,False
rank_one_distractors,59,4.116600170592272,1.0,1.3057926607792147,27,False
rank_one_distractors,60,4.1244249113456135,1.0,1.4162565106465232,27,False
rank_one_distractors,61,4.100679616419883,1.0,1.4658406407056241,27,False
rank_one_distractors,62,4.13645290340761,1.0,1.2219124684871123,27,False
rank_one_distractors,63,4.087102456886437,1.0,1.3432039342874607,27,False
rank_one_distractors,64,4.12892008900278,1.0,1.3170587000690361,27,False
rank_one_distractors,65,4.127339109532665,1.0,1.3485865626136897,27,False
rank_one_distractors,66,4.112741331821868,1.0,1.5408493151990155,27,False
rank_one_distractors,67,4.121477857779975,1.0,1.3251177867953903,27,False
rank_one_distractors,68,4.1279167866679805,1.0,1.8229774129087244,27,False
rank_one_distractors,69,4.121126567091705,1.0,1.2829237789332033,27,False
rank_one_distractors,70,4.100679616419883,1.0,1.4855266329478798,27,False
rank_one_distractors,71,1.0,1.0,1.2621108736212734,27,False
rank_one_distractors,72,4.10880801345967,1.0,1.3836804829021774,27,False
rank_one_distractors,73,4.139280693388165,1.0,1.5555428806208622,27,False
rank_one_distractors,74,4.102660588124563,1.0,1.4138509678562452,27,False
rank_one_distractors,75,1.0,1.0,1.173473763405173,27,False
rank_one_distractors,76,4.12624052018836,1.0,1.2942809913203819,27,False
rank_one_distractors,77,1.0,1.0,1.2678795272300891,27,False
rank_one_distractors,78,1.0,1.0,1.2095485875301577,27,False
rank_one_distractors,79,4.134444865910792,1.0,1.4101535114266417,27,False
rank_one_distractors,80,4.106242013581592,1.0,1.4158119599017773,27,False
rank_one_distractors,81,4.133971131739549,1.0,1.3463052140921918,27,False
rank_one_distractors,82,4.1253056882885915,1.0,1.2743285233725976,27,False
rank_one_distractors,83,4.133971131739549,1.0,1.4567217025851407,27,False
rank_one_distractors,84,4.136534924935493,1.0,1.7262015177623122,27,False
rank_one_distractors,85,4.145141865835509,1.0,1.3412982444340407,27,False
rank_one_distractors,86,4.1242643935310985,1.0,1.4282965127080145,27,False
rank_one_distractors,87,4.121477857779975,1.0,1.4042343979330194,27,False
rank_one_distractors,88,4.122410589905745,1.0,1.3119685883470782,27,False
rank_one_distractors,89,4.111422591407891,1.0,1.5457149670059311,27,False
rank_one_distractors,90,4.111941762498847,1.0,1.3047922230347726,27,False
rank_one_distractors,91,4.120064217565068,1.0,1.3135207822108295,27,False
rank_one_distractors,92,1.0,1.0,1.2987319731332478,27,False
rank_one_distractors,93,4.129721498600359,1.0,1.2385153487830665,27,False
rank_one_distractors,94,4.1342649602487995,1.0,1.4185416220931533,27,False
rank_one_distractors,95,4.132621122734544,1.0,1.444934670688866,27,False
rank_one_distractors,96,4.136534924935493,1.0,1.403185828991509,27,False
rank_one_distractors,97,4.109912240561439,1.0,1.3257381553096859,27,False
rank_one_distractors,98,1.0,1.0,1.2334390650974274,27,False
rank_one_distractors,99,4.106578840769038,1.0,1.29761649586612,27,False
rank_one_distractors,100,4.113277662411369,1.0,1.509360563326626,27,False
rank_one_distractors,101,4.106242013581592,1.0,1.2754982436771674,27,False
rank_one_distractors,102,4.115201564662595,1.0,1.4236404887514238,27,False
rank_one_distractors,103,4.106242013581592,1.0,1.3452506053892206,27,False
rank_one_distractors,104,4.126692531705331,1.0,1.5857743836628915,27,False
rank_one_distractors,105,4.129771938985706,1.0,1.2846993656299812,27,False
rank_one_distractors,106,4.1242643935310985,1.0,1.2931310129004978,27,False
rank_one_distractors,107,4.105273057100752,1.0,1.4686887801054813,27,False
rank_one_distractors,108,4.1641293001092565,1.0,1.7698338028001386,27,False
rank_one_distractors,109,4.105244247745352,1.0,1.4936441611394347,27,False
rank_one_distractors,110,4.121184111427132,1.0,1.3098944562690567,27,False
rank_one_distractors,111,4.158935006122568,1.0,1.3454404575602785,27,False
rank_one_distractors,112,4.110422730962543,1.0,1.3432354076405384,27,False
rank_one_distractors,113,4.129461024546911,1.0,1.2695185599518177,27,False
rank_one_distractors,114,4.100331975261242,1.0,1.4734017687271261,27,False
rank_one_distractors,115,4.128091923519889,1.0,1.3485079041992416,27,False
rank_one_distractors,116,4.139936042176112,1.0,1.464003171482591,27,False
rank_one_distractors,117,4.122410589905745,1.0,1.3096511009366065,27,False
rank_one_distractors,118,4.139936042176112,1.0,1.5222164453994602,27,False
rank_one_distractors,119,4.117103021206497,1.0,1.3383986203114544,27,False
rank_one_distractors,120,4.133971131739549,1.0,1.356574590421991,27,False
rank_one_distractors,121,4.133736682554194,1.0,1.3587043521253757,27,False
rank_one_distractors,122,4.125463195864943,1.0,1.3512388639392723,27,False
rank_one_distractors,123,4.114399649166472,1.0,1.336122398416965,27,False
rank_one_distractors,124,4.152232710410913,1.0,1.315807757073434,27,False
rank_one_distractors,125,4.145141865835509,1.0,1.2817972416665442,27,False
rank_one_distractors,126,4.137796988479691,1.0,1.36831667516871,27,False
rank_one_distractors,127,4.116600170592272,1.0,1.2893891099480188,27,False
rank_one_distractors,128,4.161742209687714,1.0,1.2959387856125402,27,False
rank_one_distractors,129,4.125406670764459,1.0,1.281599610861463,27,False
rank_one_distractors,130,4.111941762498847,1.0,1.3291980482413395,27,False
rank_one_distractors,131,4.103295895925993,1.0,1.270960110682647,27,False
rank_one_distractors,132,4.125406670764459,1.0,1.296265382276578,27,False
rank_one_distractors,133,4.123797987816168,1.0,1.311009828312995,27,False
rank_one_distractors,134,4.117559899142003,1.0,1.3024400069958793,27,False
rank_one_distractors,135,4.115201564662595,1.0,1.5630135697008654,27,False
rank_one_distractors,136,4.117103021206497,1.0,1.3550500146145927,27,False
rank_one_distractors,137,4.127339109532665,1.0,1.300278718349879,27,False
rank_one_distractors,138,4.117103021206497,1.0,1.3601382659824426,27,False
rank_one_distractors,139,4.124625779128229,1.0,1.3059092473551759,27,False
rank_one_distractors,140,4.105414511550925,1.0,1.2336219106685855,27,False
rank_one_distractors,141,4.118589960186446,1.0,1.3722289995374188,27,False
rank_one_distractors,142,4.125375243981457,1.0,1.3231593961316008,27,False
rank_one_distractors,143,4.108275291264167,1.0,1.5339919383237492,27,False
rank_one_distractors,144,1.0,1.0,1.3479227560239213,27,False
rank_one_distractors,145,1.0,1.0,1.2498617317574752,27,False
rank_one_distractors,146,4.12892008900278,1.0,1.6755084452856757,27,False
rank_one_distractors,147,4.157463093989112,1.0,1.3044829979088428,27,False
rank_one_distractors,148,4.143410575178407,1.0,1.3684571754073758,27,False
rank_one_distractors,149,4.144831459541243,1.0,1.4266652763734073,27,False
rank_one_distractors,150,4.125406670764459,1.0,1.235747390337806,27,False
rank_one_distractors,151,4.123269889455642,1.0,1.4623682600439705,27,False
rank_one_distractors,152,4.121477857779975,1.0,1.2975584952010613,27,False
rank_one_distractors,153,1.0,1.0,1.2449175866441764,27,False
rank_one_distractors,154,4.118589960186446,1.0,1.55497896006549,27,False
rank_one_distractors,155,4.112405300765578,1.0,1.5015547678525862,27,False
rank_one_distractors,156,4.115201564662595,1.0,1.2597066380855504,27,False
rank_one_distractors,157,4.094924962294269,1.0,1.3507716641654002,27,False
rank_one_distractors,158,4.108863120885045,1.0,1.387862457421822,27,False
rank_one_distractors,159,1.0,1.0,1.3523324074409468,27,False
translated_rank_one_family,0,1.0,1.0,1.2230535423736426,35,False
translated_rank_one_family,1,1.0,1.0,1.106053213922964,35,False
translated_rank_one_family,2,1.0,1.0,1.188731974862343,35,False
translated_rank_one_family,3,1.0,1.0,1.0796131579749721,35,False
translated_rank_one_family,4,1.0,1.0,1.088108581131925,35,False
translated_rank_one_family,5,1.0,1.0,1.2359111039657333,35,False
translated_rank_one_family,6,1.0,1.0,1.0966343959376508,35,False
translated_rank_one_family,7,1.0,1.0,1.1465199006998428,35,False
translated_rank_one_family,8,1.0,1.0,1.1996447885438521,35,False
translated_rank_one_family,9,1.0,1.0,1.12312569665514,35,False
translated_rank_one_family,10,1.0,1.0,1.1626703028689371,35,False
translated_rank_one_family,11,1.0,1.0,1.165702457773906,35,False
translated_rank_one_family,12,1.0,1.0,1.0890709829015177,35,False
translated_rank_one_family,13,1.0,1.0,1.1589523372517891,35,False
translated_rank_one_family,14,1.0,1.0,1.0930287882670853,35,False
translated_rank_one_family,15,1.0,1.0,1.1743529725531332,35,False
translated_rank_one_family,16,1.0,1.0,1.0928149822579212,35,False
translated_rank_one_family,17,1.0,1.0,1.1555371969592692,35,False
translated_rank_one_family,18,1.0,1.0,1.0760825153158287,35,False
translated_rank_one_family,19,1.0,1.0,1.2568594005398044,35,False
translated_rank_one_family,20,1.0,1.0,1.163735276287657,35,False
translated_rank_one_family,21,1.0,1.0,1.1777601182739816,35,False
translated_rank_one_family,22,1.0,1.0,1.1630507813785607,35,False
translated_rank_one_family,23,1.0,1.0,1.1546399383158492,35,False
translated_rank_one_family,24,1.0,1.0,1.206834136712146,35,False
translated_rank_one_family,25,1.0,1.0,1.1304954741611444,35,False
translated_rank_one_family,26,1.0,1.0,1.2103021408347525,35,False
translated_rank_one_family,27,1.0,1.0,1.1863848766428897,35,False
translated_rank_one_family,28,1.0,1.0,1.2157806383225693,35,False
translated_rank_one_family,29,1.0,1.0,1.2239700449048851,35,False
translated_rank_one_family,30,1.0,1.0,1.1894843986927577,35,False
translated_rank_one_family,31,1.0,1.0,1.092545686972901,35,False
translated_rank_one_family,32,1.0,1.0,1.1299680840413977,35,False
translated_rank_one_family,33,1.0,1.0,1.1500613683516558,35,False
translated_rank_one_family,34,1.0,1.0,1.1092266081718885,35,False
translated_rank_one_family,35,1.0,1.0,1.1260964211300657,35,False
translated_rank_one_family,36,1.0,1.0,1.3765679907727635,35,False
translated_rank_one_family,37,1.0,1.0,1.0917571170759888,35,False
translated_rank_one_family,38,1.0,1.0,1.2221169658473134,35,False
translated_rank_one_family,39,1.0,1.0,1.183377739461639,35,False
translated_rank_one_family,40,1.0,1.0,1.1797487433970657,35,False
translated_rank_one_family,41,1.0,1.0,1.13646826411759,35,False
translated_rank_one_family,42,1.0,1.0,1.1942521672619009,35,False
translated_rank_one_family,43,1.0,1.0,1.1872749581128217,35,False
translated_rank_one_family,44,1.0,1.0,1.1029963855772111,35,False
translated_rank_one_family,45,1.0,1.0,1.3395586114999192,35,False
translated_rank_one_family,46,1.0,1.0,1.1471490596280622,35,False
translated_rank_one_family,47,1.0,1.0,1.1682494160385486,35,False
translated_rank_one_family,48,1.0,1.0,1.0578106744823068,35,False
translated_rank_one_family,49,1.0,1.0,1.271981636892564,35,False
translated_rank_one_family,50,1.0,1.0,1.1207226310564908,35,False
translated_rank_one_family,51,1.0,1.0,1.1933185033631757,35,False
translated_rank_one_family,52,1.0,1.0,1.2058433884460489,35,False
translated_rank_one_family,53,1.0,1.0,1.1029182290068837,35,False
translated_rank_one_family,54,1.0,1.0,1.1216058114484502,35,False
translated_rank_one_family,55,1.0,1.0,1.1514269031160784,35,False
translated_rank_one_family,56,1.0,1.0,1.0821346198687247,35,False
translated_rank_one_family,57,1.0,1.0,1.2194466001299624,35,False
translated_rank_one_family,58,1.0,1.0,1.1661923398647158,35,False
translated_rank_one_family,59,1.0,1.0,1.1460665966288455,35,False
translated_rank_one_family,60,1.0,1.0,1.1932319701412386,35,False
translated_rank_one_family,61,1.0,1.0,1.2050356736733148,35,False
translated_rank_one_family,62,1.0,1.0,1.0986535437138005,35,False
translated_rank_one_family,63,1.0,1.0,1.135847913347183,35,False
translated_rank_one_family,64,1.0,1.0,1.134965622584152,35,False
translated_rank_one_family,65,1.0,1.0,1.1347843128436574,35,False
translated_rank_one_family,66,1.0,1.0,1.169770070047699,35,False
translated_rank_one_family,67,1.0,1.0,1.0767376045973458,35,False
translated_rank_one_family,68,1.0,1.0,1.0756532775857266,35,False
translated_rank_one_family,69,1.0,1.0,1.1287746009840915,35,False
translated_rank_one_family,70,1.0,1.0,1.109454180525074,35,False
translated_rank_one_family,71,1.0,1.0,1.2679830035960282,35,False
translated_rank_one_family,72,1.0,1.0,1.1638070438556416,35,False
translated_rank_one_family,73,1.0,1.0,1.1517400775180646,35,False
translated_rank_one_family,74,1.0,1.0,1.1418107269329159,35,False
translated_rank_one_family,75,1.0,1.0,1.102377504253533,35,False
translated_rank_one_family,76,1.0,1.0,1.0977438686385037,35,False
translated_rank_one_family,77,1.0,1.0,1.0950436373347041,35,False
translated_rank_one_family,78,1.0,1.0,1.1276597331748401,35,False
translated_rank_one_family,79,1.0,1.0,1.3000511607193308,35,False
translated_rank_one_family,80,1.0,1.0,1.074944918872247,35,False
translated_rank_one_family,81,1.0,1.0,1.1564340039979266,35,False
translated_rank_one_family,82,1.0,1.0,1.1965684756916988,35,False
translated_rank_one_family,83,1.0,1.0,1.2167225142792406,35,False
translated_rank_one_family,84,1.0,1.0,1.0774953801742881,35,False
translated_rank_one_family,85,1.0,1.0,1.1978763755461668,35,False
translated_rank_one_family,86,1.0,1.0,1.1454779239993356,35,False
translated_rank_one_family,87,1.0,1.0,1.00554277409126,35,False
translated_rank_one_family,88,1.0,1.0,1.0804059086674604,35,False
translated_rank_one_family,89,1.0,1.0,1.286021446479932,35,False
translated_rank_one_family,90,1.0,1.0,1.1405365700251764,35,False
translated_rank_one_family,91,1.0,1.0,1.1356714714691094,35,False
translated_rank_one_family,92,1.0,1.0,1.1361895597748783,35,False
translated_rank_one_family,93,1.0,1.0,1.1810858083623403,35,False
translated_rank_one_family,94,1.0,1.0,1.2796511580095637,35,False
translated_rank_one_family,95,1.0,1.0,1.2012363467707727,35,False
translated_rank_one_family,96,1.0,1.0,1.17055189399758,35,False
translated_rank_one_family,97,1.0,1.0,1.1329945977936662,35,False
translated_rank_one_family,98,1.0,1.0,1.1708956292309607,35,False
translated_rank_one_family,99,1.0,1.0,1.2437743542099853,35,False
translated_rank_one_family,100,1.0,1.0,1.1886822804545616,35,False
translated_rank_one_family,101,1.0,1.0,1.166599062444443,35,False
translated_rank_one_family,102,1.0,1.0,1.191059382989629,35,False
translated_rank_one_family,103,1.0,1.0,1.1325938973397216,35,False
translated_rank_one_family,104,1.0,1.0,1.2272206066361813,35,False
translated_rank_one_family,105,1.0,1.0,1.1334622783491408,35,False
translated_rank_one_family,106,1.0,1.0,1.224574616354528,35,False
translated_rank_one_family,107,1.0,1.0,1.160510751311441,35,False
translated_rank_one_family,108,1.0,1.0,1.1419530056444591,35,False
translated_rank_one_family,109,1.0,1.0,1.1596694053971808,35,False
translated_rank_one_family,110,1.0,1.0,1.1060289887970538,35,False
translated_rank_one_family,111,1.0,1.0,1.087791141793171,35,False
translated_rank_one_family,112,1.0,1.0,1.200382598005091,35,False
translated_rank_one_family,113,1.0,1.0,1.1905237611758246,35,False
translated_rank_one_family,114,1.0,1.0,1.2086505746148006,35,False
translated_rank_one_family,115,1.0,1.0,1.2038683146437261,35,False
translated_rank_one_family,116,1.0,1.0,1.2137362975672366,35,False
translated_rank_one_family,117,1.0,1.0,1.27479939930388,35,False
translated_rank_one_family,118,1.0,1.0,1.0643155913531122,35,False
translated_rank_one_family,119,1.0,1.0,1.127653539358177,35,False
translated_rank_one_family,120,1.0,1.0,1.0612924149723335,35,False
translated_rank_one_family,121,1.0,1.0,1.2286373880109012,35,False
translated_rank_one_family,122,1.0,1.0,1.2264893201024563,35,False
translated_rank_one_family,123,1.0,1.0,1.186035871199012,35,False
translated_rank_one_family,124,1.0,1.0,1.1841839422943847,35,False
translated_rank_one_family,125,1.0,1.0,1.1836109852086971,35,False
translated_rank_one_family,126,1.0,1.0,1.1289943565035854,35,False
translated_rank_one_family,127,1.0,1.0,1.0952982487249185,35,False
translated_rank_one_family,128,1.0,1.0,1.1183449731712751,35,False
translated_rank_one_family,129,1.0,1.0,1.1140222933268933,35,False
translated_rank_one_family,130,1.0,1.0,1.3610185345725385,35,False
translated_rank_one_family,131,1.0,1.0,1.1588008965431253,35,False
translated_rank_one_family,132,1.0,1.0,1.1350885813934009,35,False
translated_rank_one_family,133,1.0,1.0,1.1104073944653037,35,False
translated_rank_one_family,134,1.0,1.0,1.1211186734637355,35,False
translated_rank_one_family,135,1.0,1.0,1.1732353244202522,35,False
translated_rank_one_family,136,1.0,1.0,1.183269059699767,35,False
translated_rank_one_family,137,1.0,1.0,1.0960510383911584,35,False
translated_rank_one_family,138,1.0,1.0,1.1528872307011768,35,False
translated_rank_one_family,139,1.0,1.0,1.1111147997202209,35,False
translated_rank_one_family,140,1.0,1.0,1.1390475542973386,35,False
translated_rank_one_family,141,1.0,1.0,1.2024736904104347,35,False
translated_rank_one_family,142,1.0,1.0,1.1302638468971986,35,False
translated_rank_one_family,143,1.0,1.0,1.1122816540506182,35,False
translated_rank_one_family,144,1.0,1.0,1.139825312555105,35,False
translated_rank_one_family,145,1.0,1.0,1.0512493827826357,35,False
translated_rank_one_family,146,1.0,1.0,1.1463657027844143,35,False
translated_rank_one_family,147,1.0,1.0,1.2493194105791776,35,False
translated_rank_one_family,148,1.0,1.0,1.0637931299317904,35,False
translated_rank_one_family,149,1.0,1.0,1.1543378703193197,35,False
translated_rank_one_family,150,1.0,1.0,1.1847609177333627,35,False
translated_rank_one_family,151,1.0,1.0,1.1285497815732597,35,False
translated_rank_one_family,152,1.0,1.0,1.0979223197623356,35,False
translated_rank_one_family,153,1.0,1.0,1.157726291395177,35,False
translated_rank_one_family,154,1.0,1.0,1.2666253694277685,35,False
translated_rank_one_family,155,1.0,1.0,1.1274807233717774,35,False
translated_rank_one_family,156,1.0,1.0,1.1749703949579653,35,False
translated_rank_one_family,157,1.0,1.0,1.1494157284500341,35,False
translated_rank_one_family,158,1.0,1.0,1.101961780282148,35,False
translated_rank_one_family,159,1.0,1.0,1.1539527518363724,35,False
dense_full_rank_family,0,1.0,1.0,1.1556971169965216,29,False
dense_full_rank_family,1,1.0,1.0,1.155386668843162,29,False
dense_full_rank_family,2,1.0,1.0,1.1941108703246008,29,False
dense_full_rank_family,3,1.0,1.0,1.1143245315599248,29,False
dense_full_rank_family,4,1.0,1.0,1.1924788375998567,29,False
dense_full_rank_family,5,1.0,1.0,1.172799875388912,29,False
dense_full_rank_family,6,1.0,1.0,1.3147615038288476,29,False
dense_full_rank_family,7,1.0,1.0,1.1470523850263672,29,False
dense_full_rank_family,8,1.0,1.0,1.1318593302784894,29,False
dense_full_rank_family,9,1.0,1.0,1.1119809517097072,29,False
dense_full_rank_family,10,1.0,1.0,1.1114027314292374,29,False
dense_full_rank_family,11,1.0,1.0,1.1588098624794203,29,False
dense_full_rank_family,12,1.0,1.0,1.1423057807272678,29,False
dense_full_rank_family,13,1.0,1.0,1.1955276451823675,29,False
dense_full_rank_family,14,1.0,1.0,1.228373991838801,29,False
dense_full_rank_family,15,1.0,1.0,1.2438907774648722,29,False
dense_full_rank_family,16,1.0,1.0,1.2180523965005894,29,False
dense_full_rank_family,17,1.0,1.0,1.1620834675511709,29,False
dense_full_rank_family,18,1.0,1.0,1.163372274456393,29,False
dense_full_rank_family,19,1.0,1.0,1.2331089855775819,29,False
dense_full_rank_family,20,1.0,1.0,1.1508900512202669,29,False
dense_full_rank_family,21,1.0,1.0,1.2034076794954875,29,False
dense_full_rank_family,22,1.0,1.0,1.1669584063583718,29,False
dense_full_rank_family,23,1.0,1.0,1.2747010605939022,29,False
dense_full_rank_family,24,1.0,1.0,1.1914428884798656,29,False
dense_full_rank_family,25,1.0,1.0,1.1963526010447227,29,False
dense_full_rank_family,26,1.0,1.0,1.0986464685659,29,False
dense_full_rank_family,27,1.0,1.0,1.234751736002484,29,False
dense_full_rank_family,28,1.0,1.0,1.1219142420558328,29,False
dense_full_rank_family,29,1.0,1.0,1.1630354471722357,29,False
dense_full_rank_family,30,1.0,1.0,1.2172111381214201,29,False
dense_full_rank_family,31,1.0,1.0,1.1905205153540666,29,False
dense_full_rank_family,32,1.0,1.0,1.3456589296345454,29,False
dense_full_rank_family,33,1.0,1.0,1.3007441099228512,29,False
dense_full_rank_family,34,1.0,1.0,1.241295494104719,29,False
dense_full_rank_family,35,1.0,1.0,1.1862718386356907,29,False
dense_full_rank_family,36,1.0,1.0,1.185141387834342,29,False
dense_full_rank_family,37,1.0,1.0,1.1615066115211667,29,False
dense_full_rank_family,38,1.0,1.0,1.2055224176938921,29,False
dense_full_rank_family,39,1.0,1.0,1.209812212274962,29,False
dense_full_rank_family,40,1.0,1.0,1.127309920644782,29,False
dense_full_rank_family,41,1.0,1.0,1.2126977842860283,29,False
dense_full_rank_family,42,1.0,1.0,1.2000675988964404,29,False
dense_full_rank_family,43,1.0,1.0,1.2169162019066098,29,False
dense_full_rank_family,44,1.0,1.0,1.2931122441326712,29,False
dense_full_rank_family,45,1.0,1.0,1.2988195430408271,29,False
dense_full_rank_family,46,1.0,1.0,1.1783275761922625,29,False
dense_full_rank_family,47,1.0,1.0,1.228718553991468,29,False
dense_full_rank_family,48,1.0,1.0,1.166928942822667,29,False
dense_full_rank_family,49,1.0,1.0,1.2016727358289074,29,False
dense_full_rank_family,50,1.0,1.0,1.235507976099217,29,False
dense_full_rank_family,51,1.0,1.0,1.1127627356394265,29,False
dense_full_rank_family,52,1.0,1.0,1.2154157810185673,29,False
dense_full_rank_family,53,1.0,1.0,1.35209790356544,29,False
dense_full_rank_family,54,1.0,1.0,1.2020150602270767,29,False
dense_full_rank_family,55,1.0,1.0,1.218213693966849,29,False
dense_full_rank_family,56,1.0,1.0,1.3606722197526007,29,False
dense_full_rank_family,57,1.0,1.0,1.2414655021342986,29,False
dense_full_rank_family,58,1.0,1.0,1.2229746699252575,29,False
dense_full_rank_family,59,1.0,1.0,1.3142179057344314,29,False
dense_full_rank_family,60,1.0,1.0,1.3548039502026146,29,False
dense_full_rank_family,61,1.0,1.0,1.2319752389534404,29,False
dense_full_rank_family,62,1.0,1.0,1.2676909331225559,29,False
dense_full_rank_family,63,1.0,1.0,1.2444625161494314,29,False
dense_full_rank_family,64,1.0,1.0,1.1526496149915015,29,False
dense_full_rank_family,65,1.0,1.0,1.105843803127311,29,False
dense_full_rank_family,66,1.0,1.0,1.1651171332509873,29,False
dense_full_rank_family,67,1.0,1.0,1.1918820635917318,29,False
dense_full_rank_family,68,1.0,1.0,1.13759381508233,29,False
dense_full_rank_family,69,1.0,1.0,1.4068213292227298,29,False
dense_full_rank_family,70,1.0,1.0,1.142216061431089,29,False
dense_full_rank_family,71,1.0,1.0,1.1485207302278888,29,False
dense_full_rank_family,72,1.0,1.0,1.1373269088839937,29,False
dense_full_rank_family,73,1.0,1.0,1.2657506650861539,29,False
dense_full_rank_family,74,1.0,1.0,1.2459641769636676,29,False
dense_full_rank_family,75,1.0,1.0,1.2963552111706913,29,False
dense_full_rank_family,76,1.0,1.0,1.1033795732645042,29,False
dense_full_rank_family,77,1.0,1.0,1.1944840034193829,29,False
dense_full_rank_family,78,1.0,1.0,1.291354632316599,29,False
dense_full_rank_family,79,1.0,1.0,1.1116308742694527,29,False
dense_full_rank_family,80,1.0,1.0,1.33169016895749,29,False
dense_full_rank_family,81,1.0,1.0,1.1518173708678985,29,False
dense_full_rank_family,82,1.0,1.0,1.180481762027487,29,False
dense_full_rank_family,83,1.0,1.0,1.2130549542244449,29,False
dense_full_rank_family,84,1.0,1.0,1.2822976903046457,29,False
dense_full_rank_family,85,1.0,1.0,1.1572349123141201,29,False
dense_full_rank_family,86,1.0,1.0,1.1367522691066394,29,False
dense_full_rank_family,87,1.0,1.0,1.262261278594105,29,False
dense_full_rank_family,88,1.0,1.0,1.110164595664027,29,False
dense_full_rank_family,89,1.0,1.0,1.2831477584505413,29,False
dense_full_rank_family,90,1.0,1.0,1.1104513599016628,29,False
dense_full_rank_family,91,1.0,1.0,1.374702563323447,29,False
dense_full_rank_family,92,1.0,1.0,1.1580045378681536,29,False
dense_full_rank_family,93,1.0,1.0,1.207374839369422,29,False
dense_full_rank_family,94,1.0,1.0,1.3035396481290016,29,False
dense_full_rank_family,95,1.0,1.0,1.2367090822358606,29,False
dense_full_rank_family,96,1.0,1.0,1.131763180427596,29,False
dense_full_rank_family,97,1.0,1.0,1.1411336234323934,29,False
dense_full_rank_family,98,1.0,1.0,1.182200532738841,29,False
dense_full_rank_family,99,1.0,1.0,1.1716255469859826,29,False
dense_full_rank_family,100,1.0,1.0,1.3518493552470092,29,False
dense_full_rank_family,101,1.0,1.0,1.1368373524130377,29,False
dense_full_rank_family,102,1.0,1.0,1.1606365222228585,29,False
dense_full_rank_family,103,1.0,1.0,1.168991471196608,29,False
dense_full_rank_family,104,1.0,1.0,1.1364356720402486,29,False
dense_full_rank_family,105,1.0,1.0,1.1284692318789145,29,False
dense_full_rank_family,106,1.0,1.0,1.127121514585132,29,False
dense_full_rank_family,107,1.0,1.0,1.2580807961072735,29,False
dense_full_rank_family,108,1.0,1.0,1.2237492384496005,29,False
dense_full_rank_family,109,1.0,1.0,1.131354572596219,29,False
dense_full_rank_family,110,1.0,1.0,1.1547325587013861,29,False
dense_full_rank_family,111,1.0,1.0,1.200433812567178,29,False
dense_full_rank_family,112,1.0,1.0,1.1865549860166014,29,False
dense_full_rank_family,113,1.0,1.0,1.1990535255093937,29,False
dense_full_rank_family,114,1.0,1.0,1.1154748885963743,29,False
dense_full_rank_family,115,1.0,1.0,1.1075156429133695,29,False
dense_full_rank_family,116,1.0,1.0,1.2473030359715789,29,False
dense_full_rank_family,117,1.0,1.0,1.2425819532654276,29,False
dense_full_rank_family,118,1.0,1.0,1.1165174016602692,29,False
dense_full_rank_family,119,1.0,1.0,1.18362597962191,29,False
dense_full_rank_family,120,1.0,1.0,1.3141105461791438,29,False
dense_full_rank_family,121,1.0,1.0,1.1822159646771835,29,False
dense_full_rank_family,122,1.0,1.0,1.0978222603847374,29,False
dense_full_rank_family,123,1.0,1.0,1.2235131367499825,29,False
dense_full_rank_family,124,1.0,1.0,1.1343525112141593,29,False
dense_full_rank_family,125,1.0,1.0,1.260832984668953,29,False
dense_full_rank_family,126,1.0,1.0,1.2533572146184067,29,False
dense_full_rank_family,127,1.0,1.0,1.2466641497762259,29,False
dense_full_rank_family,128,1.0,1.0,1.2042765269022466,29,False
dense_full_rank_family,129,1.0,1.0,1.1429215212542776,29,False
dense_full_rank_family,130,1.0,1.0,1.2873229459918487,29,False
dense_full_rank_family,131,1.0,1.0,1.199092880465257,29,False
dense_full_rank_family,132,1.0,1.0,1.159743312216805,29,False
dense_full_rank_family,133,1.0,1.0,1.146347449734502,29,False
dense_full_rank_family,134,1.0,1.0,1.1306781119549651,29,False
dense_full_rank_family,135,1.0,1.0,1.2897808259543486,29,False
dense_full_rank_family,136,1.0,1.0,1.0910297357643108,29,False
dense_full_rank_family,137,1.0,1.0,1.4277461963838995,29,False
dense_full_rank_family,138,1.0,1.0,1.1949437613209741,29,False
dense_full_rank_family,139,1.0,1.0,1.137161575465928,29,False
dense_full_rank_family,140,1.0,1.0,1.1878456143769658,29,False
dense_full_rank_family,141,1.0,1.0,1.1423349138265146,29,False
dense_full_rank_family,142,1.0,1.0,1.213123840141825,29,False
dense_full_rank_family,143,1.0,1.0,1.1823114398887284,29,False
dense_full_rank_family,144,1.0,1.0,1.1482800240895803,29,False
dense_full_rank_family,145,1.0,1.0,1.1223769471197322,29,False
dense_full_rank_family,146,1.0,1.0,1.132217595738532,29,False
dense_full_rank_family,147,1.0,1.0,1.2869378319317508,29,False
dense_full_rank_family,148,1.0,1.0,1.2344156356323157,29,False
dense_full_rank_family,149,1.0,1.0,1.1540711212391401,29,False
dense_full_rank_family,150,1.0,1.0,1.2105880034910748,29,False
dense_full_rank_family,151,1.0,1.0,1.1283183422587948,29,False
dense_full_rank_family,152,1.0,1.0,1.4407300290037632,29,False
dense_full_rank_family,153,1.0,1.0,1.1542390240468305,29,False
dense_full_rank_family,154,1.0,1.0,1.2161530022549503,29,False
dense_full_rank_family,155,1.0,1.0,1.25398319079332,29,False
dense_full_rank_family,156,1.0,1.0,1.142211254543925,29,False
dense_full_rank_family,157,1.0,1.0,1.1342420344985578,29,False
dense_full_rank_family,158,1.0,1.0,1.2244618841358776,29,False
dense_full_rank_family,159,1.0,1.0,1.1497875522069927,29,False
mixed_rank_family_low_rank_noise,0,1.0,1.0,1.292304791779085e-14,34,False
mixed_rank_family_low_rank_noise,1,1.0,1.0,1.365742901805967e-14,34,False
mixed_rank_family_low_rank_noise,2,1.0,1.0,1.2957319163887733e-14,34,False
mixed_rank_family_low_rank_noise,3,1.0,1.0,1.5138409028375262e-14,34,False
mixed_rank_family_low_rank_noise,4,1.0,1.0,1.3960048427026692e-14,34,False
mixed_rank_family_low_rank_noise,5,1.0,1.0,1.3312522622809308e-14,34,False
mixed_rank_family_low_rank_noise,6,1.0,1.0,1.165628788295227e-14,34,False
mixed_rank_family_low_rank_noise,7,1.0,1.0,1.133365036524854e-14,34,False
mixed_rank_family_low_rank_noise,8,1.0,1.0,1.6874268805363736e-14,34,False
mixed_rank_family_low_rank_noise,9,1.0,1.0,1.148006331454976e-14,34,False
mixed_rank_family_low_rank_noise,10,1.0,1.0,1.3811092475588073e-14,34,False
mixed_rank_family_low_rank_noise,11,1.0,1.0,1.2624302547598942e-14,34,False
mixed_rank_family_low_rank_noise,12,1.0,1.0,1.4644639284260716e-14,34,False
mixed_rank_family_low_rank_noise,13,1.0,1.0,1.3632786205693542e-14,34,False
mixed_rank_family_low_rank_noise,14,1.0,1.0,1.5704410346124732e-14,34,False
mixed_rank_family_low_rank_noise,15,1.0,1.0,1.0815803212680432e-14,34,False
mixed_rank_family_low_rank_noise,16,1.0,1.0,1.347734847121214e-14,34,False
mixed_rank_family_low_rank_noise,17,1.0,1.0,1.0602399649358997e-14,34,False
mixed_rank_family_low_rank_noise,18,1.0,1.0,1.5652570943094622e-14,34,False
mixed_rank_family_low_rank_noise,19,1.0,1.0,1.4847782758392008e-14,34,False
mixed_rank_family_low_rank_noise,20,1.0,1.0,1.4867384077362776e-14,34,False
mixed_rank_family_low_rank_noise,21,1.0,1.0,1.3675589548367948e-14,34,False
mixed_rank_family_low_rank_noise,22,1.0,1.0,1.542052507436797e-14,34,False
mixed_rank_family_low_rank_noise,23,1.0,1.0,1.5226592339746217e-14,34,False
mixed_rank_family_low_rank_noise,24,1.0,1.0,1.0258670318580926e-14,34,False
mixed_rank_family_low_rank_noise,25,1.0,1.0,1.1504325377685096e-14,34,False
mixed_rank_family_low_rank_noise,26,1.0,1.0,1.431157468510482e-14,34,False
mixed_rank_family_low_rank_noise,27,1.0,1.0,1.5356842270543935e-14,34,False
mixed_rank_family_low_rank_noise,28,1.0,1.0,1.293637629496975e-14,34,False
mixed_rank_family_low_rank_noise,29,1.0,1.0,1.607268736855612e-14,34,False
mixed_rank_family_low_rank_noise,30,1.0,1.0,1.6436259601555345e-14,34,False
mixed_rank_family_low_rank_noise,31,1.0,1.0,1.1314934478849458e-14,34,False
mixed_rank_family_low_rank_noise,32,1.0,1.0,1.2796824345532443e-14,34,False
mixed_rank_family_low_rank_noise,33,1.0,1.0,1.3760656256703257e-14,34,False
mixed_rank_family_low_rank_noise,34,1.0,1.0,1.5569048138647666e-14,34,False
mixed_rank_family_low_rank_noise,35,1.0,1.0,1.277225923001032e-14,34,False
mixed_rank_family_low_rank_noise,36,1.0,1.0,1.304040872363733e-14,34,False
mixed_rank_family_low_rank_noise,37,1.0,1.0,1.1233413809753832e-14,34,False
mixed_rank_family_low_rank_noise,38,1.0,1.0,1.0052207980768179e-14,34,False
mixed_rank_family_low_rank_noise,39,1.0,1.0,1.4091488124761555e-14,34,False
mixed_rank_family_low_rank_noise,40,1.0,1.0,1.3507552739461053e-14,34,False
mixed_rank_family_low_rank_noise,41,1.0,1.0,1.3280048301135509e-14,34,False
mixed_rank_family_low_rank_noise,42,1.0,1.0,1.3180610315879074e-14,34,False
mixed_rank_family_low_rank_noise,43,1.0,1.0,1.4663423954694964e-14,34,False
mixed_rank_family_low_rank_noise,44,1.0,1.0,1.2356199573939739e-14,34,False
mixed_rank_family_low_rank_noise,45,1.0,1.0,1.267763340157252e-14,34,False
mixed_rank_family_low_rank_noise,46,1.0,1.0,1.3362072771718218e-14,34,False
mixed_rank_family_low_rank_noise,47,1.0,1.0,1.2319834298914368e-14,34,False
mixed_rank_family_low_rank_noise,48,1.0,1.0,1.1922664433110436e-14,34,False
mixed_rank_family_low_rank_noise,49,1.0,1.0,1.2688905293848375e-14,34,False
mixed_rank_family_low_rank_noise,50,1.0,1.0,1.647969599343938e-14,34,False
mixed_rank_family_low_rank_noise,51,1.0,1.0,1.5164742457493366e-14,34,False
mixed_rank_family_low_rank_noise,52,1.0,1.0,1.3816574111694031e-14,34,False
mixed_rank_family_low_rank_noise,53,1.0,1.0,1.1517016453494506e-14,34,False
mixed_rank_family_low_rank_noise,54,1.0,1.0,1.2113102887434492e-14,34,False
mixed_rank_family_low_rank_noise,55,1.0,1.0,1.356823191051352e-14,34,False
mixed_rank_family_low_rank_noise,56,1.0,1.0,1.2741960009903953e-14,34,False
mixed_rank_family_low_rank_noise,57,1.0,1.0,1.3979890840043108e-14,34,False
mixed_rank_family_low_rank_noise,58,1.0,1.0,1.363351970317986e-14,34,False
mixed_rank_family_low_rank_noise,59,1.0,1.0,1.1755802732709042e-14,34,False
mixed_rank_family_low_rank_noise,60,1.0,1.0,1.3819544669620051e-14,34,False
mixed_rank_family_low_rank_noise,61,1.0,1.0,1.128997862276549e-14,34,False
mixed_rank_family_low_rank_noise,62,1.0,1.0,1.6504709817728036e-14,34,False
mixed_rank_family_low_rank_noise,63,1.0,1.0,1.201953315077465e-14,34,False
mixed_rank_family_low_rank_noise,64,1.0,1.0,1.2779495032256707e-14,34,False
mixed_rank_family_low_rank_noise,65,1.0,1.0,1.571087216998325e-14,34,False
mixed_rank_family_low_rank_noise,66,1.0,1.0,1.117311287906888e-14,34,False
mixed_rank_family_low_rank_noise,67,1.0,1.0,1.1411872488576268e-14,34,False
mixed_rank_family_low_rank_noise,68,1.0,1.0,9.713427518079119e-15,34,False
mixed_rank_family_low_rank_noise,69,1.0,1.0,1.1773941148683212e-14,34,False
mixed_rank_family_low_rank_noise,70,1.0,1.0,1.2783589943781469e-14,34,False
mixed_rank_family_low_rank_noise,71,1.0,1.0,1.0956508478973372e-14,34,False
mixed_rank_family_low_rank_noise,72,1.0,1.0,1.1411719278090783e-14,34,False
mixed_rank_family_low_rank_noise,73,1.0,1.0,1.3447835545636364e-14,34,False
mixed_rank_family_low_rank_noise,74,1.0,1.0,1.3384548292497624e-14,34,False
mixed_rank_family_low_rank_noise,75,1.0,1.0,1.1340860730896605e-14,34,False
mixed_rank_family_low_rank_noise,76,1.0,1.0,1.3443544778732845e-14,34,False
mixed_rank_family_low_rank_noise,77,1.0,1.0,1.3498977097072746e-14,34,False
mixed_rank_family_low_rank_noise,78,1.0,1.0,1.444007475448997e-14,34,False
mixed_rank_family_low_rank_noise,79,1.0,1.0,1.0825985081303886e-14,34,False
mixed_rank_family_low_rank_noise,80,1.0,1.0,1.1797415601596564e-14,34,False
mixed_rank_family_low_rank_noise,81,1.0,1.0,1.375055398223065e-14,34,False
mixed_rank_family_low_rank_noise,82,1.0,1.0,1.2928316801012126e-14,34,False
mixed_rank_family_low_rank_noise,83,1.0,1.0,1.1665682912097373e-14,34,False
mixed_rank_family_low_rank_noise,84,1.0,1.0,1.1740640756721233e-14,34,False
mixed_rank_family_low_rank_noise,85,1.0,1.0,1.4821475862334715e-14,34,False
mixed_rank_family_low_rank_noise,86,1.0,1.0,1.3312272413875274e-14,34,False
mixed_rank_family_low_rank_noise,87,1.0,1.0,1.9583789925468368e-14,34,False
mixed_rank_family_low_rank_noise,88,1.0,1.0,1.689700969234496e-14,34,False
mixed_rank_family_low_rank_noise,89,1.0,1.0,1.5628455883370155e-14,34,False
mixed_rank_family_low_rank_noise,90,1.0,1.0,1.0582036442330167e-14,34,False
mixed_rank_family_low_rank_noise,91,1.0,1.0,1.422190034449138e-14,34,False
mixed_rank_family_low_rank_noise,92,1.0,1.0,1.0895364687520129e-14,34,False
mixed_rank_family_low_rank_noise,93,1.0,1.0,1.0695114666609228e-14,34,False
mixed_rank_family_low_rank_noise,94,1.0,1.0,1.0870412559321581e-14,34,False
mixed_rank_family_low_rank_noise,95,1.0,1.0,1.5317734921762945e-14,34,False
mixed_rank_family_low_rank_noise,96,1.0,1.0,1.3882469456931104e-14,34,False
mixed_rank_family_low_rank_noise,97,1.0,1.0,1.2072695515058646e-14,34,False
mixed_rank_family_low_rank_noise,98,1.0,1.0,1.3707693376710107e-14,34,False
mixed_rank_family_low_rank_noise,99,1.0,1.0,1.133223349989021e-14,34,False
mixed_rank_family_low_rank_noise,100,1.0,1.0,1.398593588598918e-14,34,False
mixed_rank_family_low_rank_noise,101,1.0,1.0,1.3019944889626783e-14,34,False
mixed_rank_family_low_rank_noise,102,1.0,1.0,1.449974831909154e-14,34,False
mixed_rank_family_low_rank_noise,103,1.0,1.0,1.1340790863522193e-14,34,False
mixed_rank_family_low_rank_noise,104,1.0,1.0,1.7353270731670353e-14,34,False
mixed_rank_family_low_rank_noise,105,1.0,1.0,1.3978532934664225e-14,34,False
mixed_rank_family_low_rank_noise,106,1.0,1.0,1.1239543973309978e-14,34,False
mixed_rank_family_low_rank_noise,107,1.0,1.0,1.451359737773567e-14,34,False
mixed_rank_family_low_rank_noise,108,1.0,1.0,1.3758481606038748e-14,34,False
mixed_rank_family_low_rank_noise,109,1.0,1.0,1.3429569995722486e-14,34,False
mixed_rank_family_low_rank_noise,110,1.0,1.0,1.2962871039201619e-14,34,False
mixed_rank_family_low_rank_noise,111,1.0,1.0,1.37721085155056e-14,34,False
mixed_rank_family_low_rank_noise,112,1.0,1.0,1.3520129163516834e-14,34,False
mixed_rank_family_low_rank_noise,113,1.0,1.0,1.6179596335988204e-14,34,False
mixed_rank_family_low_rank_noise,114,1.0,1.0,1.0229193711654419e-14,34,False
mixed_rank_family_low_rank_noise,115,1.0,1.0,1.0654128874364173e-14,34,False
mixed_rank_family_low_rank_noise,116,1.0,1.0,1.6037690013170998e-14,34,False
mixed_rank_family_low_rank_noise,117,1.0,1.0,1.5108336327111787e-14,34,False
mixed_rank_family_low_rank_noise,118,1.0,1.0,1.2124921076160364e-14,34,False
mixed_rank_family_low_rank_noise,119,1.0,1.0,1.3077754864292628e-14,34,False
mixed_rank_family_low_rank_noise,120,1.0,1.0,1.7013992526711366e-14,34,False
mixed_rank_family_low_rank_noise,121,1.0,1.0,1.143471093630429e-14,34,False
mixed_rank_family_low_rank_noise,122,1.0,1.0,1.4294760133384912e-14,34,False
mixed_rank_family_low_rank_noise,123,1.0,1.0,1.1053209863786053e-14,34,False
mixed_rank_family_low_rank_noise,124,1.0,1.0,2.1278746734161025e-14,34,False
mixed_rank_family_low_rank_noise,125,1.0,1.0,1.0893789882614077e-14,34,False
mixed_rank_family_low_rank_noise,126,1.0,1.0,1.4207746215947781e-14,34,False
mixed_rank_family_low_rank_noise,127,1.0,1.0,1.3666856389443968e-14,34,False
mixed_rank_family_low_rank_noise,128,1.0,1.0,2.5269919078715597e-14,34,False
mixed_rank_family_low_rank_noise,129,1.0,1.0,2.0657764285774035e-14,34,False
mixed_rank_family_low_rank_noise,130,1.0,1.0,1.533768682384447e-14,34,False
mixed_rank_family_low_rank_noise,131,1.0,1.0,1.1298229661476932e-14,34,False
mixed_rank_family_low_rank_noise,132,1.0,1.0,1.300373472956639e-14,34,False
mixed_rank_family_low_rank_noise,133,1.0,1.0,1.1853364472051328e-14,34,False
mixed_rank_family_low_rank_noise,134,1.0,1.0,1.2980143272342871e-14,34,False
mixed_rank_family_low_rank_noise,135,1.0,1.0,1.1454181776512906e-14,34,False
mixed_rank_family_low_rank_noise,136,1.0,1.0,1.5364835483336352e-14,34,False
mixed_rank_family_low_rank_noise,137,1.0,1.0,1.1207442754211287e-14,34,False
mixed_rank_family_low_rank_noise,138,1.0,1.0,1.2768404866766251e-14,34,False
mixed_rank_family_low_rank_noise,139,1.0,1.0,1.2663297365248717e-14,34,False
mixed_rank_family_low_rank_noise,140,1.0,1.0,1.25722010138591e-14,34,False
mixed_rank_family_low_rank_noise,141,1.0,1.0,1.2682893180886581e-14,34,False
mixed_rank_family_low_rank_noise,142,1.0,1.0,1.2784104754663674e-14,34,False
mixed_rank_family_low_rank_noise,143,1.0,1.0,1.0597802986955964e-14,34,False
mixed_rank_family_low_rank_noise,144,1.0,1.0,1.1017051286481214e-14,34,False
mixed_rank_family_low_rank_noise,145,1.0,1.0,1.4167975992695414e-14,34,False
mixed_rank_family_low_rank_noise,146,1.0,1.0,1.6332774813780252e-14,34,False
mixed_rank_family_low_rank_noise,147,1.0,1.0,1.2738343466530802e-14,34,False
mixed_rank_family_low_rank_noise,148,1.0,1.0,1.1134498101514856e-14,34,False
mixed_rank_family_low_rank_noise,149,1.0,1.0,1.6396532498589426e-14,34,False
mixed_rank_family_low_rank_noise,150,1.0,1.0,1.3038233980162107e-14,34,False
mixed_rank_family_low_rank_noise,151,1.0,1.0,1.413707678445139e-14,34,False
mixed_rank_family_low_rank_noise,152,1.0,1.0,1.6617666805879544e-14,34,False
mixed_rank_family_low_rank_noise,153,1.0,1.0,1.3062545496627475e-14,34,False
mixed_rank_family_low_rank_noise,154,1.0,1.0,1.0685557309432569e-14,34,False
mixed_rank_family_low_rank_noise,155,1.0,1.0,1.4845256490444266e-14,34,False
mixed_rank_family_low_rank_noise,156,1.0,1.0,1.5536589724756955e-14,34,False
mixed_rank_family_low_rank_noise,157,1.0,1.0,1.0816594909205162e-14,34,False
mixed_rank_family_low_rank_noise,158,1.0,1.0,1.137695732313054e-14,34,False
mixed_rank_family_low_rank_noise,159,1.0,1.0,1.1961744195351596e-14,34,False
