case,seed,n,b,k,kprime,gap_b,q,numerical_subspace_dimension,spectral_ratio,frobenius_ratio,right_pca_normalized_error,spectral_absolute_error,frobenius_absolute_error,right_pca_absolute_error,orthogonality_error
exact_b_fold_clusters,1729,160,4,24,24,0.20000000000000004,6,24,1.6904721183644646,1.0823110014174513,0.9760768131608528,1.6904721183644646,9.035838540728275,0.9760768131608528,1.2305983307123584e-15
exact_b_fold_clusters,1729,160,4,24,24,0.20000000000000004,8,32,1.2411796169059661,1.0263304850065147,0.4955585484073355,1.2411796169059661,8.568476657634275,0.4955585484073355,1.4572247022981946e-15
exact_b_fold_clusters,1729,160,4,24,24,0.20000000000000004,10,40,1.1791177153688703,1.0090166634385669,0.27551539582800566,1.1791177153688703,8.423929576429273,0.27551539582800566,1.511715429642024e-15
exact_b_fold_clusters,1729,160,4,24,24,0.20000000000000004,12,48,1.085920326375776,1.0021691613303718,0.21165215089079292,1.085920326375776,8.366762160246756,0.21165215089079292,1.5225939289397909e-15
exact_b_fold_clusters,1729,160,4,24,24,0.20000000000000004,16,64,1.0001090726698425,1.0000080928417752,0.0006828259044671103,1.0001090726698425,8.348720150221133,0.0006828259044671103,1.5267313394387742e-15
exact_b_fold_clusters,1729,160,4,24,24,0.20000000000000004,20,80,1.0000000055783522,1.0000000040086618,3.365751291006802e-07,1.0000000055783522,8.348652619363646,3.365751291006802e-07,1.5298692832629574e-15
exact_b_fold_clusters,1730,160,4,24,24,0.20000000000000004,6,24,1.5574069582214851,1.079620742595352,0.8773390640869414,1.5574069582214851,9.013378504456423,0.8773390640869414,1.5132293931654638e-15
exact_b_fold_clusters,1730,160,4,24,24,0.20000000000000004,8,32,1.224744366119747,1.0227639037239105,0.46444555112629304,1.224744366119747,8.53870050958645,0.46444555112629304,1.5194702808971048e-15
exact_b_fold_clusters,1730,160,4,24,24,0.20000000000000004,10,40,1.2246477403635432,1.0084312210063462,0.3026221106359679,1.2246477403635432,8.41904192095362,0.3026221106359679,1.5236338994810381e-15
exact_b_fold_clusters,1730,160,4,24,24,0.20000000000000004,12,48,1.2170039140430102,1.0041942603503629,0.29935367680132297,1.2170039140430102,8.383669008416701,0.29935367680132297,1.5902460294112126e-15
exact_b_fold_clusters,1730,160,4,24,24,0.20000000000000004,16,64,1.0000021345248404,1.0000009735041488,4.0873282702191815e-05,1.0000021345248404,8.34866071334465,4.0873282702191815e-05,1.605153012634736e-15
exact_b_fold_clusters,1730,160,4,24,24,0.20000000000000004,20,80,1.0000000002977392,1.0000000001764104,1.0270307271298407e-08,1.0000000002977392,8.34865258736951,1.0270307271298407e-08,1.803740746028974e-15
exact_b_fold_clusters,1731,160,4,24,24,0.20000000000000004,6,24,1.4940216244875113,1.079373166947904,0.9041528482851722,1.4940216244875113,9.011311581387153,0.9041528482851722,1.6694957631736876e-15
exact_b_fold_clusters,1731,160,4,24,24,0.20000000000000004,8,32,1.3771195336001145,1.028483571917457,0.5187759229838442,1.3771195336001145,8.586452032240974,0.5187759229838442,1.686046486595922e-15
exact_b_fold_clusters,1731,160,4,24,24,0.20000000000000004,10,40,1.2246943401762258,1.0100264772924399,0.31239661902884786,1.2246943401762258,8.432360161471683,0.31239661902884786,1.6906184280112883e-15
exact_b_fold_clusters,1731,160,4,24,24,0.20000000000000004,12,48,1.2217735762414161,1.0048411072965822,0.29944281676232265,1.2217735762414161,8.389069308846935,0.29944281676232265,1.7603121197863856e-15
exact_b_fold_clusters,1731,160,4,24,24,0.20000000000000004,16,64,1.0000074743622782,1.0000022106605857,9.314602999532795e-05,1.0000074743622782,8.348671041933937,9.314602999532795e-05,1.938084270584416e-15
exact_b_fold_clusters,1731,160,4,24,24,0.20000000000000004,20,80,1.0000000002156728,1.0000000007880414,4.969708888857838e-08,1.0000000002156728,8.348652592475805,4.969708888857838e-08,2.0917697196536e-15
near_b_fold_clusters,1829,160,4,24,24,0.1999999999999999,6,24,1.7137376498186647,1.0869378280105126,1.0103722882354091,1.7137376498186647,9.074466308528931,1.0103722882354091,2.051667954112266e-15
near_b_fold_clusters,1829,160,4,24,24,0.1999999999999999,8,32,1.2247523542047556,1.0250372827882692,0.4850339547818132,1.2247523542047556,8.557680161590833,0.4850339547818132,2.0728113555444292e-15
near_b_fold_clusters,1829,160,4,24,24,0.1999999999999999,10,40,1.2225413539852994,1.0092614441955892,0.30097624884967655,1.2225413539852994,8.425973165929365,0.30097624884967655,2.0752470071636965e-15
near_b_fold_clusters,1829,160,4,24,24,0.1999999999999999,12,48,1.071356927897839,1.0027923761566844,0.15572422775112038,1.071356927897839,8.37196516431802,0.15572422775112038,2.082226557873114e-15
near_b_fold_clusters,1829,160,4,24,24,0.1999999999999999,16,64,1.0000739410507027,1.000003469757097,0.00013481393152869892,1.0000739410507027,8.34868155369328,0.00013481393152869892,2.08610689335535e-15
near_b_fold_clusters,1829,160,4,24,24,0.1999999999999999,20,80,1.0000000044473039,1.0000000017649147,7.598015328014185e-08,1.0000000044473039,8.34865260063138,7.598015328014185e-08,2.088519200636747e-15
near_b_fold_clusters,1830,160,4,24,24,0.1999999999999999,6,24,1.5241254645239126,1.081392204103256,0.8838857597828099,1.5241254645239126,9.028167821155202,0.8838857597828099,2.1304449359814134e-15
near_b_fold_clusters,1830,160,4,24,24,0.1999999999999999,8,32,1.3974552813685037,1.0283458762618507,0.49921215022877585,1.3974552813685037,8.585302459049728,0.49921215022877585,2.1507490734091684e-15
near_b_fold_clusters,1830,160,4,24,24,0.1999999999999999,10,40,1.0968635454640854,1.007051461178938,0.25296652216546134,1.0968635454640854,8.407522785502612,0.25296652216546134,2.1570427667435825e-15
near_b_fold_clusters,1830,160,4,24,24,0.1999999999999999,12,48,1.0414303968553817,1.0016861622977271,0.10924017476264769,1.0414303968553817,8.362729769123883,0.10924017476264769,2.1586505255781195e-15
near_b_fold_clusters,1830,160,4,24,24,0.1999999999999999,16,64,1.000017789961822,1.000002269434039,6.615256205289022e-05,1.000017789961822,8.348671532613078,6.615256205289022e-05,2.165273881773578e-15
near_b_fold_clusters,1830,160,4,24,24,0.1999999999999999,20,80,1.0000000005602183,1.000000000779118,2.5890919630455755e-08,1.0000000005602183,8.348652592401308,2.5890919630455755e-08,2.170055749064987e-15
near_b_fold_clusters,1831,160,4,24,24,0.1999999999999999,6,24,1.7099321922696995,1.089946298040362,1.0000767564062492,1.7099321922696995,9.099582979623227,1.0000767564062492,1.783493060960283e-15
near_b_fold_clusters,1831,160,4,24,24,0.1999999999999999,8,32,1.3058187380253754,1.0286169769125142,0.4351918300864852,1.3058187380253754,8.58756578419793,0.4351918300864852,1.8020537869364396e-15
near_b_fold_clusters,1831,160,4,24,24,0.1999999999999999,10,40,1.1363410654681703,1.0084085485890346,0.27610134022947164,1.1363410654681703,8.418852636818203,0.27610134022947164,1.805003081500442e-15
near_b_fold_clusters,1831,160,4,24,24,0.1999999999999999,12,48,1.0845983877593914,1.0025830323988825,0.21273739888660148,1.0845983877593914,8.370217426013106,0.21273739888660148,1.8089633952678474e-15
near_b_fold_clusters,1831,160,4,24,24,0.1999999999999999,16,64,1.000005904347507,1.0000058074175806,0.00033872757368946793,1.000005904347507,8.348701070008522,0.00033872757368946793,1.8114426202464216e-15
near_b_fold_clusters,1831,160,4,24,24,0.1999999999999999,20,80,1.000000001306697,1.0000000035384857,1.1828654855605691e-07,1.000000001306697,8.34865261543831,1.1828654855605691e-07,1.8127145218481853e-15
t2_unaligned_spectrum,1929,128,8,14,16,0.3733333333333333,2,16,1.51715765146567,1.1207962359055537,1.2237602991300254,1.7865564765685824,8.680685630899468,1.6969476147936355,1.86343006148119e-15
t2_unaligned_spectrum,1929,128,8,14,16,0.3733333333333333,3,24,1.398071068799683,1.059159544396451,0.5839383621723577,1.646323913836025,8.203302922804491,0.8097278622123363,1.910028207866245e-15
t2_unaligned_spectrum,1929,128,8,14,16,0.3733333333333333,4,32,1.1790404914020531,1.0175699595834427,0.20951820519786665,1.3884004895707478,7.8811871806957905,0.2905319112077085,1.9198877636974634e-15
t2_unaligned_spectrum,1929,128,8,14,16,0.3733333333333333,6,48,1.0000897331047145,1.0001004416797483,0.0027739325241881415,1.1776737823533971,7.745883913083711,0.0038465197668742235,1.9347848450279286e-15
t2_unaligned_spectrum,1929,128,8,14,16,0.3733333333333333,8,64,1.0000000005637053,1.000000191177706,6.0472396228348715e-06,1.1775681161741811,7.745107462320683,8.385505610331023e-06,2.0027387040732266e-15
t2_unaligned_spectrum,1929,128,8,14,16,0.3733333333333333,12,96,1.0000000000000007,1.0000000000001215,3.689036255958801e-12,1.1775681155103803,7.7451059816300285,5.115463608262871e-12,2.0211143179825322e-15
t2_unaligned_spectrum,1930,128,8,14,16,0.3733333333333333,2,16,1.5921454170193343,1.1284054217069985,1.2048228415008018,1.874859678337945,8.739619581365567,1.670687673547779,2.577711229812806e-15
t2_unaligned_spectrum,1930,128,8,14,16,0.3733333333333333,3,24,1.5431657930210982,1.0662397044894674,0.6539812401538527,1.8171828348079353,8.258139513091804,0.906853986346676,2.5894290787227795e-15
t2_unaligned_spectrum,1930,128,8,14,16,0.3733333333333333,4,32,1.3894893761006688,1.0248393022244509,0.4427493443286929,1.6362183861365578,7.937489009867174,0.613945757469121,2.5990805493475828e-15
t2_unaligned_spectrum,1930,128,8,14,16,0.3733333333333333,6,48,1.0117800320551134,1.000705330101275,0.02456659589997734,1.1914399056581713,7.750568838015494,0.03406567964796858,2.630226402288495e-15
t2_unaligned_spectrum,1930,128,8,14,16,0.3733333333333333,8,64,1.0000001512305685,1.000001684299896,4.957283592435737e-05,1.1775682935946752,7.745119026710286,6.874099914844223e-05,2.635564343621915e-15
t2_unaligned_spectrum,1930,128,8,14,16,0.3733333333333333,12,96,0.9999999999999994,1.0000000000016103,5.538246143739381e-11,1.177568115510379,7.745105981641559,7.67970131931861e-11,2.6427666507895424e-15
t2_unaligned_spectrum,1931,128,8,14,16,0.3733333333333333,2,16,1.5266462815818802,1.1251897642564188,1.2287332101145347,1.797729984853303,8.71471397361021,1.703843384692155,2.0429225471203595e-15
t2_unaligned_spectrum,1931,128,8,14,16,0.3733333333333333,3,24,1.4100971279939225,1.0562448887377835,0.5636544737256669,1.6604854176984019,8.180728605828158,0.7816008702329249,2.0790229220581853e-15
t2_unaligned_spectrum,1931,128,8,14,16,0.3733333333333333,4,32,1.1087390895871014,1.0142131238735346,0.17203701230225746,1.3056158003177771,7.855188132359634,0.23855799039246373,2.0969945492952697e-15
t2_unaligned_spectrum,1931,128,8,14,16,0.3733333333333333,6,48,1.0000145925392838,1.0000288331967189,0.00034526415951749,1.1775852992193647,7.7453292977934645,0.00047876630119758623,2.113577345455937e-15
t2_unaligned_spectrum,1931,128,8,14,16,0.3733333333333333,8,64,1.0000000000438485,1.0000000321665332,4.841808058653195e-07,1.1775681155620141,7.745106230762296,6.713973841332432e-07,2.140869269994489e-15
t2_unaligned_spectrum,1931,128,8,14,16,0.3733333333333333,12,96,1.0000000000000004,1.0000000000000158,3.6701411140973917e-13,1.17756811551038,7.74510598162921,5.089262344881718e-13,2.1560152310086225e-15
nondivisible_target_rank,2029,96,4,15,16,0.3333333333333333,4,16,1.4898887609015201,1.1090428506387178,0.8289529101483581,1.6978849715876068,7.19585940015626,1.0765611444096728,1.5290204152533629e-15
nondivisible_target_rank,2029,96,4,15,16,0.3333333333333333,6,24,1.0608165112182322,1.017276458200466,0.2966302152152899,1.2089120069068604,6.6004468268143714,0.385233660500097,1.5357687253728004e-15
nondivisible_target_rank,2029,96,4,15,16,0.3333333333333333,8,32,1.0003019639298873,1.0012937884908377,0.04382121821318416,1.1399493144564945,6.496745654219114,0.05691061609346226,1.8803002731384146e-15
nondivisible_target_rank,2029,96,4,15,16,0.3333333333333333,10,40,1.000253522432843,1.0000293111626857,0.0009183749829912549,1.1398941102748192,6.4885412813557695,0.0011926935904107427,1.8868318485057874e-15
nondivisible_target_rank,2029,96,4,15,16,0.3333333333333333,12,48,1.000005631973086,1.0000022301819318,8.145389724056679e-05,1.1396116130191405,6.488365570444499,0.00010578417634632409,1.889296944165036e-15
nondivisible_target_rank,2029,96,4,15,16,0.3333333333333333,16,64,1.000000000000005,1.0000000000878342,2.5633995580699e-09,1.1396051947933605,6.488351100811008,3.3290870060653788e-09,1.8912367590313022e-15
nondivisible_target_rank,2030,96,4,15,16,0.3333333333333333,4,16,1.4910273441435522,1.110842963277748,0.8132251462755736,1.6991825069649311,7.207539162978269,1.0561354974680874,1.4164199901001582e-15
nondivisible_target_rank,2030,96,4,15,16,0.3333333333333333,6,24,1.228989707002875,1.0224936831100409,0.5182663327040768,1.4005630544480394,6.6342980137966165,0.6730724862827846,1.5391454568403092e-15
nondivisible_target_rank,2030,96,4,15,16,0.3333333333333333,8,32,1.0027417695565948,1.0009916849088352,0.009172022867128494,1.1427297296229764,6.494785500110442,0.011911706097539776,1.553155709797744e-15
nondivisible_target_rank,2030,96,4,15,16,0.3333333333333333,10,40,1.000031365132758,1.0000099158267768,0.00017567253664961606,1.1396409386615811,6.488415437606685,0.00022814592334685635,1.5610408496963294e-15
nondivisible_target_rank,2030,96,4,15,16,0.3333333333333333,12,48,1.0000000034658971,1.0000001046721525,1.7206977275060808e-06,1.139605198743109,6.488351779390784,2.234670138712147e-06,1.56240434790095e-15
nondivisible_target_rank,2030,96,4,15,16,0.3333333333333333,16,64,0.9999999999999998,1.0000000000053253,1.0768932523266384e-10,1.1396051947933545,6.488351100275661,1.3985612667966052e-10,1.563774942690442e-15
nondivisible_target_rank,2031,96,4,15,16,0.3333333333333333,4,16,1.960849761491911,1.1376521922749678,1.538468156237037,2.2345945744054925,7.381486853438997,1.9980085945050399,1.5133943049795834e-15
nondivisible_target_rank,2031,96,4,15,16,0.3333333333333333,6,24,1.2409068526082474,1.0279424759769773,0.5701831505503946,1.4141438954870305,6.669651694989789,0.7404968576197974,1.5295225837121838e-15
nondivisible_target_rank,2031,96,4,15,16,0.3333333333333333,8,32,1.2408300060626103,1.0120294954474731,0.5371781316566143,1.4140563207644206,6.5664026902630654,0.6976332395824449,1.5341844523345443e-15
nondivisible_target_rank,2031,96,4,15,16,0.3333333333333333,10,40,1.0010294402849471,1.0034441430113084,0.08021967309573425,1.1407783502898101,6.510697909337919,0.10418128944943006,1.5363872789848508e-15
nondivisible_target_rank,2031,96,4,15,16,0.3333333333333333,12,48,1.0000000294197708,1.0000043851302394,3.094411428086675e-05,1.1396052283202784,6.488379552505722,4.018712121656165e-05,1.8871189106636493e-15
nondivisible_target_rank,2031,96,4,15,16,0.3333333333333333,16,64,1.0000000000000002,1.0000000000460452,7.425650659289027e-10,1.139605194793355,6.488351100539865,9.64369251121866e-10,1.9151104991504773e-15
mixed_multiplicities,2129,96,3,12,12,0.20000000000000004,4,12,1.6458982981257906,1.084243163217623,1.1100212408046888,1.7262326982625233,7.452939550774675,1.2210233648851578,1.2453270409518017e-15
mixed_multiplicities,2129,96,3,12,12,0.20000000000000004,6,18,1.1142350869056445,1.0152316583883356,0.32448713981903254,1.168619618088278,6.9785638837201445,0.35693585380093584,1.3801545970506671e-15
mixed_multiplicities,2129,96,3,12,12,0.20000000000000004,8,24,1.0496982035815694,1.0040106196353646,0.14472353720217135,1.100932763824663,6.901431994527861,0.1591958909223885,1.3902189984458394e-15
mixed_multiplicities,2129,96,3,12,12,0.20000000000000004,10,30,1.0050745002716057,1.0006559463174896,0.031001901789203104,1.0541310289550536,6.878372427911345,0.034102091968123416,1.4009269249593721e-15
mixed_multiplicities,2129,96,3,12,12,0.20000000000000004,12,36,1.000125615581262,1.0000614112831419,0.0034819641954123267,1.048940594903247,6.8742856752140415,0.0038301606149535594,1.4028026624508076e-15
mixed_multiplicities,2129,96,3,12,12,0.20000000000000004,16,48,1.0000003258055885,1.0000002036323257,1.199677190114298e-05,1.0488091898779357,6.8738649421745786,1.3196449091257278e-05,1.944039741256353e-15
mixed_multiplicities,2130,96,3,12,12,0.20000000000000004,4,12,1.5599415090268252,1.0767498485936084,0.9238471880827859,1.6360804572952328,7.401431528568675,1.0162319068910646,1.2303989334024821e-15
mixed_multiplicities,2130,96,3,12,12,0.20000000000000004,6,18,1.1698434177250367,1.0186275440667965,0.283823208454273,1.2269421274836294,7.001906738479589,0.31220552929970036,1.2696103381474074e-15
mixed_multiplicities,2130,96,3,12,12,0.20000000000000004,8,24,1.0631803275124996,1.0034817140058991,0.1330214468349321,1.1150729346955492,6.89779636940409,0.14632359151842533,1.2955943541160743e-15
mixed_multiplicities,2130,96,3,12,12,0.20000000000000004,10,30,1.005332760464293,1.0005654814235372,0.027669159946518314,1.054401894530274,6.877750584574936,0.03043607594117015,1.3034556745315968e-15
mixed_multiplicities,2130,96,3,12,12,0.20000000000000004,12,36,1.0002355281873032,1.0000490060136547,0.0025195333861134776,1.0490558722169887,6.874200403084379,0.0027714867247248254,1.3095184579765281e-15
mixed_multiplicities,2130,96,3,12,12,0.20000000000000004,16,48,1.0000000666255893,1.0000001384082788,8.074817403210103e-06,1.0488089180476592,6.8738644938333815,8.882299143531114e-06,1.333926766999064e-15
mixed_multiplicities,2131,96,3,12,12,0.20000000000000004,4,12,1.5406828151422007,1.0759268388309768,0.8700981604959077,1.6158817687448381,7.395774271766255,0.9571079765454986,1.8662787631789405e-15
mixed_multiplicities,2131,96,3,12,12,0.20000000000000004,6,18,1.1192326699023516,1.0138993468694049,0.33577734257472314,1.1738611273546888,6.9694057561430025,0.3693550768321955,1.8544049605159965e-15
mixed_multiplicities,2131,96,3,12,12,0.20000000000000004,8,24,1.052638849592967,1.0040866736868808,0.13318580286595705,1.1040169393807533,6.901954779699833,0.14650438315255276,1.8553250679726794e-15
mixed_multiplicities,2131,96,3,12,12,0.20000000000000004,10,30,1.022136588038133,1.0009551533792154,0.054491558469913895,1.0720258975728432,6.88042913642458,0.059940714316905286,1.857954837605303e-15
mixed_multiplicities,2131,96,3,12,12,0.20000000000000004,12,36,1.000632705898393,1.0001494682301189,0.008937470951057316,1.0494724357146756,6.874890966651526,0.009831218046163048,1.8584590274367543e-15
mixed_multiplicities,2131,96,3,12,12,0.20000000000000004,16,48,1.0000000182187683,1.0000003355418081,1.8624953440525936e-05,1.048808867278157,6.873865848902361,2.0487448784578532e-05,1.8604509489819035e-15
scalar_block,2229,60,1,6,6,0.20000000000000004,6,6,1.4115224117875609,1.0558862754667857,0.995846769553449,1.4115224117875609,5.554704492990755,0.995846769553449,7.00924201741994e-16
scalar_block,2229,60,1,6,6,0.20000000000000004,8,8,1.330195559898909,1.0277288025860276,0.5264709706751117,1.330195559898909,5.406576380374774,0.5264709706751117,7.009993576345542e-16
scalar_block,2229,60,1,6,6,0.20000000000000004,10,10,1.0955601991376034,1.005638254154953,0.2864892229923386,1.0955601991376034,5.290364557687265,0.2864892229923386,7.042130183871105e-16
scalar_block,2229,60,1,6,6,0.20000000000000004,12,12,1.0918355061587357,1.004197173245671,0.22301526286983298,1.0918355061587357,5.282783458484121,0.22301526286983298,7.032676412295123e-16
scalar_block,2229,60,1,6,6,0.20000000000000004,16,16,1.0003391477352586,1.000077025799202,0.0023764603375193705,1.0003391477352586,5.26110858490688,0.0023764603375193705,7.681062859050778e-16
scalar_block,2229,60,1,6,6,0.20000000000000004,20,20,1.00000001198731,1.0000000327653198,1.0242531556237111e-06,1.00000001198731,5.260703547393684,1.0242531556237111e-06,7.872193994492497e-16
scalar_block,2230,60,1,6,6,0.20000000000000004,6,6,1.3068358817176673,1.0497979307841605,0.7414330802219571,1.3068358817176673,5.522675517570552,0.7414330802219571,6.733340131427047e-16
scalar_block,2230,60,1,6,6,0.20000000000000004,8,8,1.1986996069530842,1.01772207948085,0.427114751378622,1.1986996069530842,5.3539339783624245,0.427114751378622,6.778156738560953e-16
scalar_block,2230,60,1,6,6,0.20000000000000004,10,10,1.0965177353814837,1.0052240195772149,0.18913840352953115,1.0965177353814837,5.288185392446106,0.18913840352953115,6.884375884669138e-16
scalar_block,2230,60,1,6,6,0.20000000000000004,12,12,1.0021611530957035,1.0004769864661205,0.014845314887295347,1.0021611530957035,5.263212659337216,0.014845314887295347,6.990554422906796e-16
scalar_block,2230,60,1,6,6,0.20000000000000004,16,16,1.0000046042946877,1.000000355075837,1.3158817987468652e-05,1.0000046042946877,5.2607052429737085,1.3158817987468652e-05,6.940744742540723e-16
scalar_block,2230,60,1,6,6,0.20000000000000004,20,20,1.0000000002394385,1.000000000168046,5.880721687390178e-09,1.0000000002394385,5.260703375909095,5.880721687390178e-09,6.948231503332563e-16
scalar_block,2231,60,1,6,6,0.20000000000000004,6,6,1.595131816697212,1.062474142128444,0.743068489486725,1.595131816697212,5.5893613053719555,0.743068489486725,4.96761524966319e-16
scalar_block,2231,60,1,6,6,0.20000000000000004,8,8,1.1259412886353377,1.014335970006893,0.41643043386125433,1.1259412886353377,5.336120660824575,0.41643043386125433,5.011113530367174e-16
scalar_block,2231,60,1,6,6,0.20000000000000004,10,10,1.0755171568344133,1.004485397695285,0.20291563574168237,1.0755171568344133,5.28429972181897,0.20291563574168237,5.042847910205985e-16
scalar_block,2231,60,1,6,6,0.20000000000000004,12,12,1.0117878982522062,1.0007776157555586,0.02891965561696619,1.0117878982522062,5.2647941808547944,0.02891965561696619,5.08536952578461e-16
scalar_block,2231,60,1,6,6,0.20000000000000004,16,16,1.0000034103351383,1.0000008971196954,3.053158177079851e-05,1.0000034103351383,5.260708094505665,3.053158177079851e-05,5.31844677029216e-16
scalar_block,2231,60,1,6,6,0.20000000000000004,20,20,1.0000000000919087,1.0000000004104082,1.270883176474058e-08,1.0000000000919087,5.2607033771840905,1.270883176474058e-08,5.461765233879368e-16
rank_equals_kprime,2329,80,4,24,24,0.13913043478260861,6,24,,,,1.8911018070730543,3.2895585129329,1.8954265640459669,1.462731470445377e-15
rank_equals_kprime,2329,80,4,24,24,0.13913043478260861,7,28,,,,4.0851522087872414e-13,4.5209262169644177e-13,1.2434497875801753e-14,1.487323309856198e-15
rank_equals_kprime,2329,80,4,24,24,0.13913043478260861,8,28,,,,4.0851522087872414e-13,4.5209262169644177e-13,1.2434497875801753e-14,1.487323309856198e-15
rank_equals_kprime,2330,80,4,24,24,0.13913043478260861,6,24,,,,1.8867888711622527,3.193226053366786,1.5969523359087896,1.136109663410913e-15
rank_equals_kprime,2330,80,4,24,24,0.13913043478260861,7,28,,,,2.484200559868937e-10,2.484202659040571e-10,1.2434497875801753e-14,7.573539813735183e-14
rank_equals_kprime,2330,80,4,24,24,0.13913043478260861,8,29,,,,2.898644466490761e-13,3.517827932500176e-13,1.2434497875801753e-14,7.573548757731181e-14
rank_equals_kprime,2331,80,4,24,24,0.13913043478260861,6,24,,,,1.8609031266003997,3.3836879947720546,1.9271605367884854,1.5806239151719406e-15
rank_equals_kprime,2331,80,4,24,24,0.13913043478260861,7,28,,,,2.505917407569848e-12,2.5080746520675308e-12,1.2434497875801753e-14,3.1601810373349713e-15
rank_equals_kprime,2331,80,4,24,24,0.13913043478260861,8,29,,,,8.853039581221698e-14,1.0394293038369948e-13,1.509903313490213e-14,3.1941161103916795e-15
