family,trial,n,k,epsilon,steps,queries,query_bound,residual_ratio,meets_target,orthogonality_error
flat_spike,0,96,4,0.1,2,24,24,1.0277806412812398,True,1.609437536277557e-15
flat_spike,0,96,4,0.1,4,40,40,1.0000499836722028,True,2.135677116928138e-15
flat_spike,0,96,4,0.1,8,72,72,1.0000000000697993,True,1.3047657064780925e-15
flat_spike,1,96,4,0.1,2,24,24,1.0457123490454927,True,1.9850586114922864e-15
flat_spike,1,96,4,0.1,4,40,40,1.00005890803601,True,2.0425434970082864e-15
flat_spike,1,96,4,0.1,8,72,72,1.0000000000064042,True,2.3385149271288067e-15
flat_spike,2,96,4,0.1,2,24,24,1.1612710252552958,False,1.2417838376452758e-15
flat_spike,2,96,4,0.1,4,40,40,1.000031176735937,True,2.9035661027085534e-15
flat_spike,2,96,4,0.1,8,72,72,1.0000000001400606,True,1.5893951212944358e-15
flat_spike,3,96,4,0.1,2,24,24,1.199993022804386,False,9.16100501286995e-16
flat_spike,3,96,4,0.1,4,40,40,1.1997453290891351,False,2.1018603120993266e-15
flat_spike,3,96,4,0.1,8,72,72,1.000227107553648,True,1.6348300437291746e-15
flat_spike,4,96,4,0.1,2,24,24,1.1396372092919842,False,1.145010279429973e-15
flat_spike,4,96,4,0.1,4,40,40,1.0001866715741092,True,1.519523561510636e-15
flat_spike,4,96,4,0.1,8,72,72,1.0000000003661642,True,2.2825068880464387e-15
flat_spike,5,96,4,0.1,2,24,24,1.195456519029057,False,1.370310142691256e-15
flat_spike,5,96,4,0.1,4,40,40,1.007296481860505,True,1.2994396974782504e-15
flat_spike,5,96,4,0.1,8,72,72,1.0000000128259705,True,8.921036627064468e-16
flat_spike,6,96,4,0.1,2,24,24,1.134413878761389,False,1.3936846670573476e-15
flat_spike,6,96,4,0.1,4,40,40,1.0004993729554612,True,2.7287457257246113e-15
flat_spike,6,96,4,0.1,8,72,72,1.0000000002612042,True,1.815154271062621e-15
flat_spike,7,96,4,0.1,2,24,24,1.1992882793122959,False,1.469860546881503e-15
flat_spike,7,96,4,0.1,4,40,40,1.0543965086971936,True,1.671410543469627e-15
flat_spike,7,96,4,0.1,8,72,72,1.0000000196502037,True,3.55198048437727e-15
flat_spike,8,96,4,0.1,2,24,24,1.1263963555867702,False,2.258115339481127e-15
flat_spike,8,96,4,0.1,4,40,40,1.0001249774477043,True,2.3666259750678356e-15
flat_spike,8,96,4,0.1,8,72,72,1.0000000004873277,True,2.0608738568332887e-15
flat_spike,9,96,4,0.1,2,24,24,1.0308993983541754,True,2.0254815894145213e-15
flat_spike,9,96,4,0.1,4,40,40,1.0000489164459008,True,1.360306869200663e-15
flat_spike,9,96,4,0.1,8,72,72,1.0000000000050508,True,8.764819351326691e-16
flat_spike,10,96,4,0.1,2,24,24,1.0141678545057284,True,1.682681503330831e-15
flat_spike,10,96,4,0.1,4,40,40,1.0000423505740592,True,1.258940703601653e-15
flat_spike,10,96,4,0.1,8,72,72,1.0000000002498355,True,3.388098563193688e-15
flat_spike,11,96,4,0.1,2,24,24,1.0953974673442093,True,1.6010544561261603e-15
flat_spike,11,96,4,0.1,4,40,40,1.000167352824577,True,2.4049452350018197e-15
flat_spike,11,96,4,0.1,8,72,72,1.000000000224907,True,1.3587228659472354e-15
flat_spike,12,96,4,0.1,2,24,24,1.0249599916919427,True,3.2892681358486647e-15
flat_spike,12,96,4,0.1,4,40,40,1.0000594218209653,True,1.577557700727243e-15
flat_spike,12,96,4,0.1,8,72,72,1.0000000002533587,True,2.7806143694392047e-15
flat_spike,13,96,4,0.1,2,24,24,1.0321437825644764,True,1.3917361808798983e-15
flat_spike,13,96,4,0.1,4,40,40,1.0000362484630363,True,1.2628414225320433e-15
flat_spike,13,96,4,0.1,8,72,72,1.0000000000839815,True,2.054368409060989e-15
flat_spike,14,96,4,0.1,2,24,24,1.1967302018354797,False,1.2837371856529774e-15
flat_spike,14,96,4,0.1,4,40,40,1.0264442702231695,True,1.2782728821749322e-15
flat_spike,14,96,4,0.1,8,72,72,1.0000000109120621,True,1.9692349899960373e-15
flat_spike,15,96,4,0.1,2,24,24,1.128393956246736,False,1.5552995721487584e-15
flat_spike,15,96,4,0.1,4,40,40,1.0009538720197515,True,2.1847567600645803e-15
flat_spike,15,96,4,0.1,8,72,72,1.0000000089351742,True,2.7174566716460403e-15
flat_spike,16,96,4,0.1,2,24,24,1.1420274874754144,False,1.8225952683832735e-15
flat_spike,16,96,4,0.1,4,40,40,1.000255310578569,True,1.503196382619717e-15
flat_spike,16,96,4,0.1,8,72,72,1.0000000000987765,True,1.102269852982797e-15
flat_spike,17,96,4,0.1,2,24,24,1.030079348570599,True,1.190796147814444e-15
flat_spike,17,96,4,0.1,4,40,40,1.0000846374584678,True,1.3994425140955527e-15
flat_spike,17,96,4,0.1,8,72,72,1.0000000000373985,True,1.8341393573579545e-15
flat_spike,18,96,4,0.1,2,24,24,1.1228052702858102,False,1.2303988301367737e-15
flat_spike,18,96,4,0.1,4,40,40,1.0001948985972866,True,1.1109382934676962e-15
flat_spike,18,96,4,0.1,8,72,72,1.0000000006894885,True,1.1769617551974578e-15
flat_spike,19,96,4,0.1,2,24,24,1.015232446277708,True,1.4165181765366195e-15
flat_spike,19,96,4,0.1,4,40,40,1.000213943586935,True,1.669280276671723e-15
flat_spike,19,96,4,0.1,8,72,72,1.000000000049765,True,2.69093687223219e-15
flat_spike,20,96,4,0.1,2,24,24,1.1864107736429537,False,1.6788111989595287e-15
flat_spike,20,96,4,0.1,4,40,40,1.0004803818975132,True,1.8222711742603444e-15
flat_spike,20,96,4,0.1,8,72,72,1.0000000034855738,True,2.1323727384212916e-15
flat_spike,21,96,4,0.1,2,24,24,1.0808572737339348,True,2.496735391052427e-15
flat_spike,21,96,4,0.1,4,40,40,1.000235212232227,True,3.173506210013421e-15
flat_spike,21,96,4,0.1,8,72,72,1.0000000008925223,True,2.0453287861345984e-15
flat_spike,22,96,4,0.1,2,24,24,1.025869745546537,True,2.1503110112424964e-15
flat_spike,22,96,4,0.1,4,40,40,1.000097885484445,True,1.6489598494655603e-15
flat_spike,22,96,4,0.1,8,72,72,1.0000000000629676,True,1.814290542385847e-15
flat_spike,23,96,4,0.1,2,24,24,1.1573737426383288,False,1.4795050828559344e-15
flat_spike,23,96,4,0.1,4,40,40,1.0001141729612109,True,1.9129103621078952e-15
flat_spike,23,96,4,0.1,8,72,72,1.0000000000074543,True,6.241995257790177e-15
flat_spike,24,96,4,0.1,2,24,24,1.199355400412301,False,1.5293228193220277e-15
flat_spike,24,96,4,0.1,4,40,40,1.0574541412588285,True,1.7018769638712064e-15
flat_spike,24,96,4,0.1,8,72,72,1.0000000863332186,True,2.5277386468266668e-15
flat_spike,25,96,4,0.1,2,24,24,1.0979154652105667,True,2.7822784608688098e-15
flat_spike,25,96,4,0.1,4,40,40,1.0000919353221367,True,1.1215621702034739e-15
flat_spike,25,96,4,0.1,8,72,72,1.0000000000341784,True,2.4703886119962095e-15
flat_spike,26,96,4,0.1,2,24,24,1.195619136040158,False,1.0981235105402101e-15
flat_spike,26,96,4,0.1,4,40,40,1.0112544462693867,True,1.4148831817911758e-15
flat_spike,26,96,4,0.1,8,72,72,1.0000000440454322,True,1.8095873750851007e-15
flat_spike,27,96,4,0.1,2,24,24,1.1958894264593034,False,2.1464497164084173e-15
flat_spike,27,96,4,0.1,4,40,40,1.028933452556473,True,2.462438087083309e-15
flat_spike,27,96,4,0.1,8,72,72,1.0000000044267388,True,1.5727822211600337e-15
flat_spike,28,96,4,0.1,2,24,24,1.1437477109355683,False,2.474849338501165e-15
flat_spike,28,96,4,0.1,4,40,40,1.0002351451953417,True,1.854909645559275e-15
flat_spike,28,96,4,0.1,8,72,72,1.000000000230936,True,2.3234125555581948e-15
flat_spike,29,96,4,0.1,2,24,24,1.1125779072106923,False,1.2507221978551467e-15
flat_spike,29,96,4,0.1,4,40,40,1.0000462668379373,True,2.402948014894887e-15
flat_spike,29,96,4,0.1,8,72,72,1.0000000001857714,True,2.199437148453722e-15
slow_decay,0,96,4,0.1,2,24,24,1.0757480124948777,True,1.2603378390048278e-15
slow_decay,0,96,4,0.1,4,40,40,1.0004353277085212,True,2.0266546740271734e-15
slow_decay,0,96,4,0.1,8,72,72,1.0000000000000004,True,1.8589023120590605e-15
slow_decay,1,96,4,0.1,2,24,24,1.0277431712356946,True,1.1367732869618706e-15
slow_decay,1,96,4,0.1,4,40,40,1.0001428697592067,True,1.8065671687936398e-15
slow_decay,1,96,4,0.1,8,72,72,1.0000000000000009,True,7.922980647077602e-16
slow_decay,2,96,4,0.1,2,24,24,1.089883023609088,True,1.2428042802926643e-15
slow_decay,2,96,4,0.1,4,40,40,1.0000257786704059,True,1.6509055181680138e-15
slow_decay,2,96,4,0.1,8,72,72,1.0000000000000009,True,1.857166799200427e-15
slow_decay,3,96,4,0.1,2,24,24,1.069265556952085,True,7.991760399084144e-16
slow_decay,3,96,4,0.1,4,40,40,1.0000623157920534,True,1.1298097553242784e-15
slow_decay,3,96,4,0.1,8,72,72,1.0,True,1.9250074500347783e-15
slow_decay,4,96,4,0.1,2,24,24,1.052415832714386,True,2.5614620876035633e-15
slow_decay,4,96,4,0.1,4,40,40,1.010145127581141,True,1.1076661665434328e-15
slow_decay,4,96,4,0.1,8,72,72,1.0000000000000329,True,1.7570923045844441e-15
slow_decay,5,96,4,0.1,2,24,24,1.0707655363021862,True,1.2639011314936195e-15
slow_decay,5,96,4,0.1,4,40,40,1.0007843762620345,True,1.7333611629137284e-15
slow_decay,5,96,4,0.1,8,72,72,1.0000000000000009,True,2.708920538160324e-15
slow_decay,6,96,4,0.1,2,24,24,1.0263685817825707,True,2.1524563042367386e-15
slow_decay,6,96,4,0.1,4,40,40,1.000140510175669,True,1.0364638332100278e-15
slow_decay,6,96,4,0.1,8,72,72,1.0000000000000002,True,1.956851438063206e-15
slow_decay,7,96,4,0.1,2,24,24,1.0144579814851076,True,1.9587219317734556e-15
slow_decay,7,96,4,0.1,4,40,40,1.0000018912484132,True,9.587913149708566e-16
slow_decay,7,96,4,0.1,8,72,72,1.0000000000000004,True,1.6777362076755413e-15
slow_decay,8,96,4,0.1,2,24,24,1.0327884214248366,True,8.980065550026598e-16
slow_decay,8,96,4,0.1,4,40,40,1.0160931012794565,True,1.3213195891617473e-15
slow_decay,8,96,4,0.1,8,72,72,1.0000000000000158,True,1.7757095900742418e-15
slow_decay,9,96,4,0.1,2,24,24,1.0398360688221764,True,9.021836733155971e-16
slow_decay,9,96,4,0.1,4,40,40,1.0000474631271319,True,1.5747920551128887e-15
slow_decay,9,96,4,0.1,8,72,72,0.9999999999999999,True,3.0243714107052093e-15
slow_decay,10,96,4,0.1,2,24,24,1.0615915821482178,True,2.9716095888120806e-15
slow_decay,10,96,4,0.1,4,40,40,1.0209827333414832,True,2.9936066357010023e-15
slow_decay,10,96,4,0.1,8,72,72,0.9999999999999999,True,1.164576060549492e-15
slow_decay,11,96,4,0.1,2,24,24,1.0358501896791132,True,7.530263852432895e-16
slow_decay,11,96,4,0.1,4,40,40,1.000724252977004,True,1.3287569636281696e-15
slow_decay,11,96,4,0.1,8,72,72,0.9999999999999999,True,1.538642061621884e-15
slow_decay,12,96,4,0.1,2,24,24,1.052554370356676,True,2.562498770522617e-15
slow_decay,12,96,4,0.1,4,40,40,1.0000183178332431,True,1.0275577849091734e-15
slow_decay,12,96,4,0.1,8,72,72,1.0000000000000004,True,9.967914727507257e-16
slow_decay,13,96,4,0.1,2,24,24,1.0702506590787968,True,2.159513599826941e-15
slow_decay,13,96,4,0.1,4,40,40,1.003110734030107,True,2.401845157948022e-15
slow_decay,13,96,4,0.1,8,72,72,1.000000000000066,True,1.4721168087214069e-15
slow_decay,14,96,4,0.1,2,24,24,1.0179761341814137,True,1.9435598587832814e-15
slow_decay,14,96,4,0.1,4,40,40,1.001017629711308,True,1.6160921375945383e-15
slow_decay,14,96,4,0.1,8,72,72,1.000000000000012,True,1.179603800524571e-15
slow_decay,15,96,4,0.1,2,24,24,1.0694807081869717,True,1.8440924931032663e-15
slow_decay,15,96,4,0.1,4,40,40,1.0001882882321134,True,1.7401201773448154e-15
slow_decay,15,96,4,0.1,8,72,72,1.0000000000000002,True,3.5103311757794484e-15
slow_decay,16,96,4,0.1,2,24,24,1.0408534351377359,True,1.4609731575801897e-15
slow_decay,16,96,4,0.1,4,40,40,1.0001462528921234,True,1.3135096267491166e-15
slow_decay,16,96,4,0.1,8,72,72,1.0000000000000002,True,1.6506858816916881e-15
slow_decay,17,96,4,0.1,2,24,24,1.0147664823762903,True,1.4639033992271847e-15
slow_decay,17,96,4,0.1,4,40,40,1.0002675931994482,True,1.4808998785931083e-15
slow_decay,17,96,4,0.1,8,72,72,1.0,True,1.6903087578850088e-15
slow_decay,18,96,4,0.1,2,24,24,1.042824705492684,True,2.31569542236996e-15
slow_decay,18,96,4,0.1,4,40,40,1.000027572303817,True,1.3544929404873217e-15
slow_decay,18,96,4,0.1,8,72,72,0.9999999999999998,True,7.069790113085901e-16
slow_decay,19,96,4,0.1,2,24,24,1.0117610022887649,True,1.8378482578569623e-15
slow_decay,19,96,4,0.1,4,40,40,1.001212547663036,True,2.9618327258211846e-15
slow_decay,19,96,4,0.1,8,72,72,1.0000000000000042,True,1.0959255035775338e-15
slow_decay,20,96,4,0.1,2,24,24,1.0842983243427629,True,2.058771510195801e-15
slow_decay,20,96,4,0.1,4,40,40,1.0003966436114282,True,1.8222643095993618e-15
slow_decay,20,96,4,0.1,8,72,72,1.000000000000001,True,1.8347110119568133e-15
slow_decay,21,96,4,0.1,2,24,24,1.0460015016687019,True,6.945216672661304e-16
slow_decay,21,96,4,0.1,4,40,40,1.0069885960994875,True,2.191213264062427e-15
slow_decay,21,96,4,0.1,8,72,72,1.000000000000001,True,1.369402272674646e-15
slow_decay,22,96,4,0.1,2,24,24,1.0390057081574668,True,1.334690991871056e-15
slow_decay,22,96,4,0.1,4,40,40,1.0034150107174415,True,1.7421660555006348e-15
slow_decay,22,96,4,0.1,8,72,72,1.0000000000000009,True,1.1396500809129794e-15
slow_decay,23,96,4,0.1,2,24,24,1.0086297968180553,True,2.1413779145869947e-15
slow_decay,23,96,4,0.1,4,40,40,1.000304506789214,True,2.650244432263152e-15
slow_decay,23,96,4,0.1,8,72,72,1.0000000000000018,True,1.6945292577919628e-15
slow_decay,24,96,4,0.1,2,24,24,1.0732050052511248,True,1.7141174238227527e-15
slow_decay,24,96,4,0.1,4,40,40,1.002776004003548,True,2.819572611728044e-15
slow_decay,24,96,4,0.1,8,72,72,1.0000000000000004,True,1.1820277557388955e-15
slow_decay,25,96,4,0.1,2,24,24,1.0451388936938277,True,1.298223643627687e-15
slow_decay,25,96,4,0.1,4,40,40,1.000403172691972,True,1.8008076039673773e-15
slow_decay,25,96,4,0.1,8,72,72,1.0000000000000004,True,1.682472459264107e-15
slow_decay,26,96,4,0.1,2,24,24,1.0683682355119024,True,2.3946800503310755e-15
slow_decay,26,96,4,0.1,4,40,40,1.0018257831284545,True,1.5588895452268114e-15
slow_decay,26,96,4,0.1,8,72,72,0.9999999999999999,True,1.932111533943344e-15
slow_decay,27,96,4,0.1,2,24,24,1.0661096856293482,True,1.4876667742183285e-15
slow_decay,27,96,4,0.1,4,40,40,1.0001664910127177,True,3.5435543261503167e-15
slow_decay,27,96,4,0.1,8,72,72,0.9999999999999991,True,1.4768489345826846e-15
slow_decay,28,96,4,0.1,2,24,24,1.0236392729550534,True,1.1372311347873923e-15
slow_decay,28,96,4,0.1,4,40,40,1.002887749896257,True,1.0289544458926431e-15
slow_decay,28,96,4,0.1,8,72,72,1.0000000000000038,True,1.6933180896354642e-15
slow_decay,29,96,4,0.1,2,24,24,1.0679943990490512,True,1.5683256191950747e-15
slow_decay,29,96,4,0.1,4,40,40,1.0000736303957483,True,1.0816849282568566e-15
slow_decay,29,96,4,0.1,8,72,72,1.0000000000000004,True,1.749035342797254e-15
large_dynamic_range,0,96,4,0.1,2,24,24,1.000013872249734,True,1.1489463992114897e-15
large_dynamic_range,0,96,4,0.1,4,40,40,1.0000000000143143,True,1.1648142751891904e-15
large_dynamic_range,0,96,4,0.1,8,72,72,1.0000000000000575,True,1.2112220029975364e-15
large_dynamic_range,1,96,4,0.1,2,24,24,1.0000548794884134,True,1.6957826192698722e-15
large_dynamic_range,1,96,4,0.1,4,40,40,1.000000001106329,True,1.2159622169195681e-15
large_dynamic_range,1,96,4,0.1,8,72,72,1.0000000000000966,True,1.8510622487229515e-15
large_dynamic_range,2,96,4,0.1,2,24,24,1.000010949752251,True,9.353025902620702e-16
large_dynamic_range,2,96,4,0.1,4,40,40,1.0000000004181762,True,1.0637913356514248e-15
large_dynamic_range,2,96,4,0.1,8,72,72,1.0000000000000129,True,1.0439642801575818e-15
large_dynamic_range,3,96,4,0.1,2,24,24,1.0000120669306143,True,1.230867949430334e-15
large_dynamic_range,3,96,4,0.1,4,40,40,1.0000000002454421,True,1.3147419749101635e-15
large_dynamic_range,3,96,4,0.1,8,72,72,0.9999999999999774,True,2.1358786186357264e-15
large_dynamic_range,4,96,4,0.1,2,24,24,1.0000027695714577,True,2.140751389775121e-15
large_dynamic_range,4,96,4,0.1,4,40,40,1.0000000001320344,True,1.8001811779919713e-15
large_dynamic_range,4,96,4,0.1,8,72,72,1.000000000000034,True,2.3622866846135502e-15
large_dynamic_range,5,96,4,0.1,2,24,24,1.000056497630152,True,1.3582748158557417e-15
large_dynamic_range,5,96,4,0.1,4,40,40,1.0000000060889918,True,1.5277593561347355e-15
large_dynamic_range,5,96,4,0.1,8,72,72,1.0000000000000966,True,1.1314325953754761e-15
large_dynamic_range,6,96,4,0.1,2,24,24,1.0000107510239973,True,6.571374009029865e-16
large_dynamic_range,6,96,4,0.1,4,40,40,1.0000000006283039,True,4.932908923421299e-16
large_dynamic_range,6,96,4,0.1,8,72,72,1.0000000000000377,True,1.1496118918538358e-15
large_dynamic_range,7,96,4,0.1,2,24,24,1.0000126657621469,True,1.7116180058281627e-15
large_dynamic_range,7,96,4,0.1,4,40,40,1.0000000001013931,True,1.4098955090684311e-15
large_dynamic_range,7,96,4,0.1,8,72,72,0.999999999999989,True,1.9405309466975496e-15
large_dynamic_range,8,96,4,0.1,2,24,24,1.000003500825726,True,1.3490515383858368e-15
large_dynamic_range,8,96,4,0.1,4,40,40,1.0000000001059801,True,1.353418059680515e-15
large_dynamic_range,8,96,4,0.1,8,72,72,1.0000000000000346,True,1.033885971165786e-15
large_dynamic_range,9,96,4,0.1,2,24,24,1.0000453349704697,True,2.2198828715354274e-15
large_dynamic_range,9,96,4,0.1,4,40,40,1.0000000000017717,True,2.403483246679902e-15
large_dynamic_range,9,96,4,0.1,8,72,72,1.0000000000000393,True,3.6759309383011995e-15
large_dynamic_range,10,96,4,0.1,2,24,24,1.0000810114960166,True,8.432762586907929e-16
large_dynamic_range,10,96,4,0.1,4,40,40,1.0000000002033465,True,6.741177322215291e-16
large_dynamic_range,10,96,4,0.1,8,72,72,0.9999999999999726,True,4.0097943990822433e-16
large_dynamic_range,11,96,4,0.1,2,24,24,1.000000057170143,True,1.1851228716357572e-15
large_dynamic_range,11,96,4,0.1,4,40,40,1.0000000000217169,True,5.763619124746637e-16
large_dynamic_range,11,96,4,0.1,8,72,72,0.9999999999999378,True,1.6758216843886284e-15
large_dynamic_range,12,96,4,0.1,2,24,24,1.0000278022068936,True,2.3027832336849603e-15
large_dynamic_range,12,96,4,0.1,4,40,40,1.000000000342388,True,1.894334569194876e-15
large_dynamic_range,12,96,4,0.1,8,72,72,0.9999999999999812,True,1.4899209581816689e-15
large_dynamic_range,13,96,4,0.1,2,24,24,1.0002628651323577,True,2.4114076408698543e-15
large_dynamic_range,13,96,4,0.1,4,40,40,1.0000000031329939,True,1.1317275732172026e-15
large_dynamic_range,13,96,4,0.1,8,72,72,0.999999999999968,True,1.3897865035340074e-15
large_dynamic_range,14,96,4,0.1,2,24,24,1.000087021357533,True,9.15300632017265e-16
large_dynamic_range,14,96,4,0.1,4,40,40,1.0000000008172265,True,1.0420884106863234e-15
large_dynamic_range,14,96,4,0.1,8,72,72,1.000000000000012,True,1.0087190944959373e-15
large_dynamic_range,15,96,4,0.1,2,24,24,1.000005736315623,True,3.861848364271355e-15
large_dynamic_range,15,96,4,0.1,4,40,40,1.0000000001076748,True,3.637001637488383e-15
large_dynamic_range,15,96,4,0.1,8,72,72,1.0000000000000009,True,3.878458259018097e-15
large_dynamic_range,16,96,4,0.1,2,24,24,1.0008490313184923,True,1.0298311072466078e-15
large_dynamic_range,16,96,4,0.1,4,40,40,1.0000000214167872,True,1.0427331904489888e-15
large_dynamic_range,16,96,4,0.1,8,72,72,1.0000000000000115,True,1.832717454139007e-15
large_dynamic_range,17,96,4,0.1,2,24,24,1.001783861193268,True,1.028414397477943e-15
large_dynamic_range,17,96,4,0.1,4,40,40,1.0000000111171479,True,1.4372326139313566e-15
large_dynamic_range,17,96,4,0.1,8,72,72,0.9999999999999952,True,1.6315991689906561e-15
large_dynamic_range,18,96,4,0.1,2,24,24,1.0000053616795797,True,7.771860696575561e-16
large_dynamic_range,18,96,4,0.1,4,40,40,1.0000000003454894,True,7.146387733694936e-16
large_dynamic_range,18,96,4,0.1,8,72,72,0.9999999999999879,True,1.350176319300499e-15
large_dynamic_range,19,96,4,0.1,2,24,24,1.0000243178525017,True,9.85718926214553e-16
large_dynamic_range,19,96,4,0.1,4,40,40,1.0000000003528562,True,6.473343125068875e-16
large_dynamic_range,19,96,4,0.1,8,72,72,0.9999999999999823,True,7.918637347694271e-16
large_dynamic_range,20,96,4,0.1,2,24,24,1.0000176240882364,True,1.0785631654303981e-15
large_dynamic_range,20,96,4,0.1,4,40,40,1.0000000000678009,True,1.38732121129744e-15
large_dynamic_range,20,96,4,0.1,8,72,72,0.9999999999999409,True,1.0001499949916206e-15
large_dynamic_range,21,96,4,0.1,2,24,24,1.0003024888849703,True,1.276916286321776e-15
large_dynamic_range,21,96,4,0.1,4,40,40,1.0000000058894511,True,1.3192751955469799e-15
large_dynamic_range,21,96,4,0.1,8,72,72,1.0000000000000313,True,1.5937352066072205e-15
large_dynamic_range,22,96,4,0.1,2,24,24,1.0000005069346287,True,7.130207125235711e-16
large_dynamic_range,22,96,4,0.1,4,40,40,1.0000000001168206,True,8.006662111864984e-16
large_dynamic_range,22,96,4,0.1,8,72,72,1.00000000000009,True,9.00220507675236e-16
large_dynamic_range,23,96,4,0.1,2,24,24,1.0016565213251702,True,1.2931851780080163e-15
large_dynamic_range,23,96,4,0.1,4,40,40,1.000000006191189,True,1.219344430365959e-15
large_dynamic_range,23,96,4,0.1,8,72,72,1.0000000000000224,True,1.9637326337004775e-15
large_dynamic_range,24,96,4,0.1,2,24,24,1.0000035948133714,True,2.3082300138335418e-15
large_dynamic_range,24,96,4,0.1,4,40,40,1.0000000000402722,True,2.194419309900977e-15
large_dynamic_range,24,96,4,0.1,8,72,72,1.000000000000023,True,2.1597906177064207e-15
large_dynamic_range,25,96,4,0.1,2,24,24,1.000000778978952,True,2.039390625862606e-15
large_dynamic_range,25,96,4,0.1,4,40,40,1.0000000000354101,True,2.0325692166198623e-15
large_dynamic_range,25,96,4,0.1,8,72,72,1.0000000000000606,True,1.6335565043679367e-15
large_dynamic_range,26,96,4,0.1,2,24,24,1.0000520550434546,True,1.7159871163483698e-15
large_dynamic_range,26,96,4,0.1,4,40,40,1.0000000000313052,True,9.838054158699982e-16
large_dynamic_range,26,96,4,0.1,8,72,72,0.9999999999999608,True,9.920153124881597e-16
large_dynamic_range,27,96,4,0.1,2,24,24,1.000076370125528,True,9.327083441287002e-16
large_dynamic_range,27,96,4,0.1,4,40,40,1.0000000093756416,True,1.0621101200408279e-15
large_dynamic_range,27,96,4,0.1,8,72,72,1.0000000000000961,True,1.4919192125099096e-15
large_dynamic_range,28,96,4,0.1,2,24,24,1.0000561996085828,True,1.4980070416362975e-15
large_dynamic_range,28,96,4,0.1,4,40,40,1.0000000004188505,True,1.2053194034222119e-15
large_dynamic_range,28,96,4,0.1,8,72,72,1.0000000000000226,True,1.234077376560862e-15
large_dynamic_range,29,96,4,0.1,2,24,24,1.0000063309813076,True,1.3818276292204988e-15
large_dynamic_range,29,96,4,0.1,4,40,40,1.000000000016178,True,1.2226617239076033e-15
large_dynamic_range,29,96,4,0.1,8,72,72,0.9999999999999901,True,1.956604412087654e-15
