b,t,m,case,seed,delta,raw_krylov_condition,f,descent_norm,deterministic_alpha,derivative_relative_error,finite_difference_relative_error,moment_relative_residual,translation_relative_residual,log10_interpolation_bound_margin
1,1,1,geometric,11,1.0,1.0,1.4089777698488228,1.0,0.00390625,0.0,5.5990767577895895e-12,0.0,0.0,13.915128488567527
1,1,1,geometric,29,1.0,1.0,1.8072790478029621,0.9999999999999999,0.00390625,1.1102230246251565e-16,1.71913594471107e-11,0.0,0.0,14.023249561234435
1,1,1,repeated,11,1.0,1.0,1.4089777698488228,1.0,0.00390625,0.0,5.5990767577895895e-12,0.0,0.0,13.915128488567527
1,1,1,repeated,29,1.0,1.0,1.8072790478029621,0.9999999999999999,0.00390625,1.1102230246251565e-16,1.71913594471107e-11,0.0,0.0,14.023249561234435
1,1,1,wide_bands,11,1.0,1.0,1.4089777698488228,1.0,0.00390625,0.0,5.5990767577895895e-12,0.0,0.0,13.915128488567527
1,1,1,wide_bands,29,1.0,1.0,1.8072790478029621,0.9999999999999999,0.00390625,1.1102230246251565e-16,1.71913594471107e-11,0.0,0.0,14.023249561234435
1,2,2,geometric,11,0.8646647167633873,3.3474751247011287,0.3883690784586919,0.8462342532234578,1.973556682413487e-06,2.220446049250313e-16,3.923838332031693e-07,3.469446951953614e-17,2.320207950733203e-16,18.431517933581826
1,2,2,geometric,29,0.8646647167633873,3.1218090352388503,1.721906014506811,0.7930819354776213,1.396152211613034e-06,1.1102230246251565e-16,4.775184810901223e-07,2.9471279735706215e-16,1.8875832159447664e-16,19.078282732040893
1,2,2,repeated,11,0.8646647167633873,3.3474751247011287,0.3883690784586919,0.8462342532234578,1.973556682413487e-06,2.220446049250313e-16,3.923838332031693e-07,3.469446951953614e-17,2.320207950733203e-16,18.431517933581826
1,2,2,repeated,29,0.8646647167633873,3.1218090352388503,1.721906014506811,0.7930819354776213,1.396152211613034e-06,1.1102230246251565e-16,4.775184810901223e-07,2.9471279735706215e-16,1.8875832159447664e-16,19.078282732040893
1,2,2,wide_bands,11,0.5034146962085905,6.512993423503932,0.20829108281879624,0.39089727976113214,6.689688697816016e-07,1.1102230246251565e-16,1.4470930286281103e-06,0.0,2.5579421442442716e-16,18.63078766249554
1,2,2,wide_bands,29,0.5034146962085905,6.611494675592591,0.7568562117337663,0.3767322454597446,4.7324831121834126e-07,0.0,1.7980087943514356e-06,0.0,5.519903389605708e-16,19.1911303644528
1,3,3,geometric,11,0.6321205588285577,1250.4945530377697,0.039184913828174094,1.0758581521844381,2.1338689356612335e-11,8.255534597165572e-16,9.560760512525597e-07,1.2358048413428596e-17,9.329146392021307e-15,21.856922438274424
1,3,3,geometric,29,0.6321205588285577,37.67595309654066,0.3750293879572384,0.5214696986142828,4.5934346010548506e-10,2.220446049250313e-16,8.189824307613947e-07,8.515242252840826e-17,7.924694351154449e-16,22.83786884336416
1,3,3,repeated,11,0.6321205588285577,1250.4945530377697,0.039184913828174094,1.0758581521844381,2.1338689356612335e-11,8.255534597165572e-16,9.560760512525597e-07,1.2358048413428596e-17,9.329146392021307e-15,21.856922438274424
1,3,3,repeated,29,0.6321205588285577,37.67595309654066,0.3750293879572384,0.5214696986142828,4.5934346010548506e-10,2.220446049250313e-16,8.189824307613947e-07,8.515242252840826e-17,7.924694351154449e-16,22.83786884336416
1,3,3,wide_bands,11,0.5034146962085905,1559.0059305845418,0.018442830099543037,0.5081053917907505,1.077818576039157e-11,0.0,2.230924369683862e-07,6.010693838348121e-17,4.536495512609868e-14,21.82625318444977
1,3,3,wide_bands,29,0.5034146962085905,46.748734132895706,0.2551507605415244,0.3411226342223025,2.3201467803849792e-10,5.551115123125783e-17,1.1758843886933157e-06,5.979772412450954e-17,2.7986396432940083e-15,22.967222486212066
1,4,4,geometric,11,0.486582880967408,306.27749918068326,0.24637030983909958,0.16150705914589727,2.857269600798099e-13,1.6653345369377348e-16,5.175324299111494e-07,1.4380425071583123e-16,1.1185738332701758e-14,26.85017870065203
1,4,4,geometric,29,0.486582880967408,5541.890098734105,0.006983185013071121,0.30870292372705743,9.702215823292078e-15,5.551115123125783e-16,1.1238989999773352e-07,8.445523562458876e-17,6.729413554190098e-15,25.302643879393035
1,4,4,repeated,11,0.486582880967408,306.27749918068326,0.24637030983909958,0.16150705914589727,2.857269600798099e-13,1.6653345369377348e-16,5.175324299111494e-07,1.4380425071583123e-16,1.1185738332701758e-14,26.85017870065203
1,4,4,repeated,29,0.486582880967408,5541.890098734105,0.006983185013071121,0.30870292372705743,9.702215823292078e-15,5.551115123125783e-16,1.1238989999773352e-07,8.445523562458876e-17,6.729413554190098e-15,25.302643879393035
1,4,4,wide_bands,11,0.5034146962085904,302.1286445060419,0.27074638085140795,0.18163373275811442,3.2736140648771657e-13,1.609823385706477e-15,6.48738106873159e-07,7.114931198916635e-17,1.879798350390784e-14,26.832076733648968
1,4,4,wide_bands,29,0.5034146962085904,5557.250636235983,0.007502545453366231,0.33174331026535975,1.1115965455528276e-14,2.7755575615628914e-16,1.08561527267792e-07,1.504845082480684e-16,7.417246720882903e-15,25.274722708889584
2,1,2,geometric,11,1.0,5.573564092301723,0.5744154236147323,1.0,0.0002477890106103784,4.440892098500626e-16,4.775069228912798e-13,0.0,3.235122792434315e-17,15.933690405420014
2,1,2,geometric,29,1.0,1.6905040379482104,0.7627643709615743,1.0000000000000004,0.0008169563047487293,2.220446049250312e-16,1.3454348746222416e-11,0.0,1.6700382519954806e-16,16.05685471157185
2,1,2,repeated,11,1.0,5.573564092301723,0.5744154236147323,1.0,0.0002477890106103784,4.440892098500626e-16,4.775069228912798e-13,0.0,3.235122792434315e-17,15.933690405420014
2,1,2,repeated,29,1.0,1.6905040379482104,0.7627643709615743,1.0000000000000004,0.0008169563047487293,2.220446049250312e-16,1.3454348746222416e-11,0.0,1.6700382519954806e-16,16.05685471157185
2,1,2,wide_bands,11,1.0,5.573564092301723,0.5744154236147323,1.0,0.0002477890106103784,4.440892098500626e-16,4.775069228912798e-13,0.0,3.235122792434315e-17,15.933690405420014
2,1,2,wide_bands,29,1.0,1.6905040379482104,0.7627643709615743,1.0000000000000004,0.0008169563047487293,2.220446049250312e-16,1.3454348746222416e-11,0.0,1.6700382519954806e-16,16.05685471157185
2,2,4,geometric,11,0.7364028618842733,43.19487979167994,0.12185782511711941,0.7877951265804214,3.922383023766649e-08,1.1102230246251565e-16,1.3431929446472424e-07,4.9415122468701654e-17,4.8292358842254e-16,20.47583121708804
2,2,4,geometric,29,0.7364028618842733,23.97663497589568,0.1306169368333088,0.7357122942518186,2.278552733881529e-09,3.3306690738754696e-16,3.142936380040595e-07,9.777576068969666e-17,3.7774212462529005e-16,20.50597728906668
2,2,4,repeated,11,0.8646647167633873,34.86747933955684,0.11940825569149711,0.8609969599066817,5.407724282698738e-08,4.440892098500626e-16,3.6623487054132653e-07,6.714055459726993e-17,5.496171221272585e-16,20.327547608596856
2,2,4,repeated,29,0.8646647167633873,15.526049912236713,0.1912000934474355,0.864060310233274,3.141402783399817e-09,0.0,5.8969645277962e-08,1.4400231476201854e-16,4.2265328655683226e-16,20.53200135455322
2,2,4,wide_bands,11,0.5034146962085905,61.09034351740667,0.07852435240954403,0.5279807448449855,1.8330353689479498e-08,2.220446049250313e-16,2.078641496372491e-06,1.1594978394168816e-17,4.037180504927982e-16,20.61536131356678
2,2,4,wide_bands,29,0.5034146962085905,28.918294989985217,0.10338147200749935,0.5050940044658357,1.0648291423633204e-09,2.220446049250313e-16,5.69791755444804e-07,4.248326717450284e-17,5.479416101688736e-16,20.734799661730143
2,3,6,geometric,11,0.5506710358827782,224.8175735852152,0.1536066804711994,0.4814069390048697,4.8605854787510114e-11,5.551115123125783e-16,1.6238660206335798e-05,1.7150523485568344e-16,4.370341035063371e-15,25.038176655194246
2,3,6,geometric,29,0.5506710358827782,223.3436016296809,0.20125955494917566,0.4095363762225123,1.727123421026333e-11,1.6653345369377348e-16,1.1662056194461368e-05,7.163315000939433e-17,3.326729791707864e-15,25.15552305927861
2,3,6,repeated,11,0.6321205588285577,101.19824306633001,0.23470598383259977,0.40320484282794467,7.352103780738953e-11,1.0547118733938987e-15,3.951864052553766e-06,6.007424974323303e-17,4.1492080472489965e-15,25.042567669625512
2,3,6,repeated,29,0.6321205588285577,83.47520214242523,0.33342253620402906,0.38972903824076155,2.6124405566041822e-11,4.440892098500626e-16,2.876361686998674e-06,3.313058156848708e-17,3.0404789638408764e-15,25.19503845821719
2,3,6,wide_bands,11,0.5034146962085905,152.28596777336875,0.17728035645582288,0.2755409858525625,3.713552362761509e-11,7.216449660063518e-16,7.141049267467281e-07,3.7828493305090594e-17,6.324337147550545e-15,25.217326200609676
2,3,6,wide_bands,29,0.5034146962085905,162.8226459711784,0.191324673729469,0.4012557500038151,1.3195454105214453e-11,5.551115123125783e-16,3.69545700447671e-05,4.1356101443249667e-17,2.623794889810712e-15,25.250436565718314
2,4,8,geometric,11,0.4352818779922407,3202.8830532632082,0.021203617486284937,0.17600148018550496,4.949489739257059e-15,6.38378239159465e-16,1.3993265073342087e-06,4.886085585921768e-17,2.779826503999551e-14,28.386785212482515
2,4,8,geometric,29,0.4352818779922407,13583.699414888337,0.014484771007142187,0.6416294478097103,3.713894516466638e-15,2.474687121889474e-13,7.225490926132672e-06,8.363855104626982e-17,4.759142453425322e-13,28.22128688527865
2,4,8,repeated,11,0.486582880967408,1618.2578530227872,0.03624600890363227,0.3046996665770003,7.728681022810563e-15,7.271960811294775e-15,5.116431703311441e-07,2.297042017021842e-16,2.3416285592833e-14,28.426090489073307
2,4,8,repeated,29,0.486582880967408,2156.7698877383455,0.10941098704740353,0.4766951291231178,5.799285902640229e-15,1.609823385706477e-15,6.316106187242987e-05,1.228414668440038e-16,4.11640403137686e-14,28.905891232301784
2,4,8,wide_bands,11,0.5034146962085904,2392.1219607630846,0.03434746469294403,0.2900163852473795,8.854858810717351e-15,2.3314683517128287e-15,9.056183244426919e-07,2.6259737018728326e-17,2.8656257788726414e-14,28.343648724747013
2,4,8,wide_bands,29,0.5034146962085904,3289.554460218783,0.11879405350458103,1.7995069644487685,6.6443236199426506e-15,5.2071386846266865e-14,1.8403005283609833e-05,5.604733794829071e-17,1.1513116266748734e-13,28.88254874060193
3,1,3,geometric,11,1.0,12.316716229333997,0.19921318322415785,1.0000000000000009,6.103559983113901e-05,2.220446049250311e-16,7.158718062783003e-13,0.0,1.7845051711630848e-16,16.882512460356036
3,1,3,geometric,29,1.0,8.70391735094234,0.38265647118278506,0.9999999999999998,8.637009437203986e-05,4.440892098500626e-16,2.727040815386772e-12,0.0,8.900744474689444e-17,17.166003447415413
3,1,3,repeated,11,1.0,12.316716229333997,0.19921318322415785,1.0000000000000009,6.103559983113901e-05,2.220446049250311e-16,7.158718062783003e-13,0.0,1.7845051711630848e-16,16.882512460356036
3,1,3,repeated,29,1.0,8.70391735094234,0.38265647118278506,0.9999999999999998,8.637009437203986e-05,4.440892098500626e-16,2.727040815386772e-12,0.0,8.900744474689444e-17,17.166003447415413
3,1,3,wide_bands,11,1.0,12.316716229333997,0.19921318322415785,1.0000000000000009,6.103559983113901e-05,2.220446049250311e-16,7.158718062783003e-13,0.0,1.7845051711630848e-16,16.882512460356036
3,1,3,wide_bands,29,1.0,8.70391735094234,0.38265647118278506,0.9999999999999998,8.637009437203986e-05,4.440892098500626e-16,2.727040815386772e-12,0.0,8.900744474689444e-17,17.166003447415413
3,2,6,geometric,11,0.6988057880877978,102.64861552800643,0.07560560990472953,0.5184139026608333,1.5868765568456152e-08,9.992007221626409e-16,6.956548239678284e-07,3.703084156707529e-17,2.575909750302939e-15,21.722779836249053
3,2,6,geometric,29,0.6988057880877978,2582.232090850671,0.01231972367353253,1.9986660294509515,9.085588441432654e-10,1.9997352382821633e-14,1.0506513956732596e-06,3.9191100688090847e-17,3.6797947023776446e-14,20.93482678196918
3,2,6,repeated,11,0.8646647167633873,48.25626624661358,0.10883074385434358,0.8631878410785243,2.429548832644018e-08,0.0,1.47686798457336e-07,6.124813904311763e-17,6.14181691309062e-16,21.695994924370773
3,2,6,repeated,29,0.8646647167633873,523.3130340378444,0.0737078167368431,6.16517375413389,1.3910269640409225e-09,2.881276197948456e-16,3.610059105467412e-06,1.8283842737222035e-16,2.715198857712511e-14,21.526756874166782
3,2,6,wide_bands,11,0.5034146962085905,103.69572897149273,0.05637397454317966,0.42537575796524113,8.235347639802712e-09,3.3306690738754696e-16,8.299346606066571e-07,7.197643817513643e-17,2.2783233581745436e-15,21.880165677585858
3,2,6,wide_bands,29,0.5034146962085905,1292.8851028555744,0.011032190027544854,1.032922673706237,4.715110258866256e-10,6.234051886692578e-15,4.828551018588934e-07,5.488597906780543e-17,1.9844927271352535e-14,21.171748756432944
3,3,9,geometric,11,0.5276334472589852,377.7986897934122,0.09152647473057784,0.2558925181073936,7.691090093149695e-12,6.661338147750939e-16,1.5795880529689832e-06,7.655545511622751e-17,6.043143424633917e-15,26.277723106890193
3,3,9,geometric,29,0.5276334472589852,296.49695627343584,0.15319501907128183,0.30175127100307847,1.4956914472115068e-11,1.4432899320127035e-15,1.3547983501727145e-06,1.6559689453689007e-16,1.012829824870661e-14,26.50142101669056
3,3,9,repeated,11,0.6321205588285577,102.86408475105434,0.3382306708709227,0.4483429609357163,1.3224848036664707e-11,3.885780586188048e-16,5.979003356026968e-06,1.0565972499922164e-16,3.2191782096597216e-15,26.609986567003865
3,3,9,repeated,29,0.6321205588285577,126.89178554669238,0.2181578356816598,0.5213379443223624,2.571845064814572e-11,8.881784197001252e-16,2.7813504700491265e-06,1.127656120534861e-16,3.443547041750872e-15,26.4195443963571
3,3,9,wide_bands,11,0.5034146962085905,191.1868108253802,0.14923014757853442,0.29994132068755097,6.679879275151093e-12,5.551115123125783e-17,8.648048083870208e-06,2.407828439924642e-16,3.9532979649967406e-15,26.551252225248767
3,3,9,wide_bands,29,0.5034146962085905,182.18057814080893,0.17341988517130588,0.3531730148622901,1.2990406014288812e-11,1.1102230246251565e-16,1.18234187772015e-05,8.847717319764877e-17,2.567584191535183e-15,26.616494551096967
3,4,12,geometric,11,0.4204217212151904,4207.52125618131,0.020867225427752184,0.13658827706597737,2.9979399704111355e-16,1.3572476476042539e-14,3.724918750391826e-07,9.557174557711147e-17,1.1408807352347662e-13,29.848911794692516
3,4,12,geometric,29,0.4204217212151904,3898.6667098639905,0.049109990229770056,0.1505204355739628,3.9478308563364396e-16,1.8041124150158794e-15,1.9190214725905985e-06,8.320193422421288e-17,5.747802450206031e-14,30.22061693468587
3,4,12,repeated,11,0.486582880967408,5049.933873781739,0.013417859652896439,0.3067864380551666,5.379100403665729e-16,1.6708856520608606e-14,3.122725977799945e-07,7.888840577248338e-17,1.2216405000916656e-13,29.403243613686985
3,4,12,repeated,29,0.486582880967408,23206.143660028836,0.00748369713487322,0.3392266197521687,7.083456894572543e-16,2.2148949341271873e-14,3.6475810649694296e-08,1.987492362478684e-16,8.648264265917887e-14,29.149676572015146
3,4,12,wide_bands,11,0.5034146962085904,36057.346319655495,0.0030255276658626828,0.22615735556098807,6.162911169778293e-16,5.56776846849516e-14,4.791316965402359e-08,6.580075879218673e-17,7.59681285089931e-13,28.697285239953818
3,4,12,wide_bands,29,0.5034146962085904,13197.944797714945,0.03531378672224697,0.20476194701253453,8.115616430296511e-16,1.7486012637846216e-15,2.8896556661661688e-06,6.149114814707029e-17,1.1580870106260717e-13,29.764428401179156
4,1,4,geometric,11,1.0,3.7673824054655056,0.7054855684433837,1.0000000000000002,0.00012960756234663864,2.2204460492503126e-16,3.5693670241698775e-12,0.0,1.5236260794896478e-16,18.431192412275134
4,1,4,geometric,29,1.0,3.4032817184086754,0.8551328242796498,1.0000000000000002,0.00014347364996522037,0.0,7.274181257344024e-12,0.0,2.263630817218625e-16,18.51473785526135
4,1,4,repeated,11,1.0,3.7673824054655056,0.7054855684433837,1.0000000000000002,0.00012960756234663864,2.2204460492503126e-16,3.5693670241698775e-12,0.0,1.5236260794896478e-16,18.431192412275134
4,1,4,repeated,29,1.0,3.4032817184086754,0.8551328242796498,1.0000000000000002,0.00014347364996522037,0.0,7.274181257344024e-12,0.0,2.263630817218625e-16,18.51473785526135
4,1,4,wide_bands,11,1.0,3.7673824054655056,0.7054855684433837,1.0000000000000002,0.00012960756234663864,2.2204460492503126e-16,3.5693670241698775e-12,0.0,1.5236260794896478e-16,18.431192412275134
4,1,4,wide_bands,29,1.0,3.4032817184086754,0.8551328242796498,1.0000000000000002,0.00014347364996522037,0.0,7.274181257344024e-12,0.0,2.263630817218625e-16,18.51473785526135
4,2,8,geometric,11,0.6810934426760296,555.5382096009589,0.01799396938506515,0.491429383758814,1.7007653023220532e-08,1.3877787807814457e-15,1.1631540164369625e-07,2.320501233255547e-16,9.302946464238465e-15,22.1211622740669
4,2,8,geometric,29,0.6810934426760296,132.67232760733842,0.09825855370055163,0.6892389982442234,2.003592055126174e-09,1.1102230246251565e-15,2.4041257840057284e-07,3.270679422363106e-16,2.1224542335243533e-15,22.858405664156454
4,2,8,repeated,11,0.8646647167633873,20.912427760075236,0.2839179477808709,0.8641915999109375,2.741110001832196e-08,6.661338147750939e-16,4.73205965523249e-08,1.9476241015266916e-16,7.347900228425234e-16,23.11194606684544
4,2,8,repeated,29,0.8646647167633873,67.36512216040653,0.14201961058033488,0.8644514446598743,3.2291734870176193e-09,7.771561172376096e-16,2.133234511259019e-08,2.977643811111944e-16,9.164770600766812e-16,22.811101537140264
4,2,8,wide_bands,11,0.5034146962085905,54.03898134849403,0.13024332252068607,0.4365597157988479,9.291434475701263e-09,1.1102230246251565e-16,8.428683776484647e-07,2.3844860776237643e-16,1.2368968995570175e-15,23.243352382004367
4,2,8,wide_bands,29,0.5034146962085905,126.71660019214083,0.08209571517121408,0.5139707071263584,1.0945804380430233e-09,1.2212453270876722e-15,1.8167280813052855e-07,3.102300816519566e-16,1.7793559875469452e-15,23.042917405961962
4,3,12,geometric,11,0.5167749188101745,699.0023600624636,0.049047556142402964,0.4117266114916774,1.5834720450059253e-13,1.0602629885170245e-14,4.2846879011460004e-07,2.557528739154691e-16,2.7210390423383353e-14,27.03339630968372
4,3,12,geometric,29,0.5167749188101745,585.6620188602183,0.07123820667596245,0.4837143291707726,6.660388972924473e-13,2.3314683517128287e-15,1.7968240002552704e-06,1.6763377460396262e-16,1.3519738242183015e-14,27.195491914871617
4,3,12,repeated,11,0.6321205588285577,1786.69762982545,0.07238646511234903,10.897388734823943,2.898049936071321e-13,1.434466601780335e-14,7.546334082180105e-07,5.784153503571194e-17,4.4586152999014644e-14,26.939940841860693
4,3,12,repeated,29,0.6321205588285577,327.8984394922942,0.1642605485790581,0.8482471922793348,1.2189757247733209e-12,1.887379141862766e-15,4.6268020566508916e-05,9.654027177588517e-17,1.0027986543870838e-14,27.295816741755242
4,3,12,wide_bands,11,0.5034146962085905,616.6468299257884,0.08554224760430053,0.3865653943509825,1.463806892347324e-13,4.218847493575595e-15,2.89448947105031e-06,6.488317807528108e-17,2.2084579433567364e-14,27.309086206706322
4,3,12,wide_bands,29,0.5034146962085905,424.06592310986014,0.08902291714054847,0.5520042859119516,6.157054249886979e-13,2.55351295663786e-15,1.346268115542948e-06,4.433270323056491e-17,1.0524086661841653e-14,27.326407370965466
4,4,16,geometric,11,0.4133537804899682,26103.440940887263,0.01078118748870484,0.15568325738356428,4.676904456689838e-16,8.826273045769994e-14,1.4596068048933208e-06,3.389065191463736e-16,5.550851345400458e-13,30.591076506056112
4,4,16,geometric,29,0.4133537804899682,6719.648553871823,0.04034839166644725,0.13417364303440368,1.870823668797318e-16,1.0630385460785874e-14,1.2260310450484813e-06,3.1126628435113415e-16,7.347864938133823e-14,31.16423613533677
4,4,16,repeated,11,0.486582880967408,4416.758721414705,0.07329468137403591,0.6351346322932433,8.980450920622991e-16,4.973799150320701e-14,6.740479095646013e-05,1.1495152781722453e-16,8.304910904329185e-14,31.140142722810804
4,4,16,repeated,29,0.486582880967408,2147.7993367532317,0.13521345385378383,0.2272685618197542,3.592299200113497e-16,5.384581669432009e-15,5.068725154516729e-06,8.235281352161365e-17,3.763400874695815e-14,31.406090168016334
4,4,16,wide_bands,11,0.5034146962085904,13661.341053949278,0.028759671393943535,0.5763028077591809,1.028902923073092e-15,1.1390888232654106e-13,1.3521703510765981e-05,1.0060990010717542e-16,2.278338174881474e-13,30.674777923801727
4,4,16,wide_bands,29,0.5034146962085904,2204.691771801029,0.16027192888394032,0.28445318199240766,4.1157478396346495e-16,6.161737786669619e-15,1.560354421126231e-05,1.0508586347036804e-16,4.919413145238758e-14,31.420851468006248
